[{"model": "auth.group", "fields": {"name": "All Oscar Dashboard Permissions", "permissions": []}}, {"model": "auth.user", "fields": {"password": "pbkdf2_sha256$1000000$ndgyxraFWefEsYrl3nUJna$Ig0d42Qt/zRkRfBWqO0bkoKAk/NIKZXjvsp66Ksv0dk=", "last_login": "2026-07-17T03:20:54.161Z", "is_superuser": true, "username": "llopez", "first_name": "", "last_name": "", "email": "llopez@welcomp.net", "is_staff": true, "is_active": true, "date_joined": "2026-07-16T00:50:43.656Z", "groups": [], "user_permissions": []}}, {"model": "sessions.session", "pk": "d118b37q3il3egd90svhyhnl43s9asq0", "fields": {"session_data": ".eJxVjMkOwiAURf-FtSFMBZ5LE7-DPKbQaG1Tysr470LShS7PucObOGxHca2m3c2RXAknl1_nMTzSawRrDbhT3LZKQ6vHuqROo3dWKr0vOD9v5-DvpWAt4xtAWLDCy8ymrFOYsvIQhdWA3HsGpnvjM2jZCYVRXIhouFQmANORfL4xjDlR:1wkZ8A:LGDlCsY-jSeOZwhxDehMsdhJMGyRHAAI0pjpdE_SnWY", "expire_date": "2026-07-31T03:20:54.290Z"}}, {"model": "sites.site", "fields": {"domain": "example.com", "name": "example.com"}}, {"model": "analytics.productrecord", "pk": 1, "fields": {"product": 1, "num_views": 102, "num_basket_additions": 1, "num_purchases": 0, "score": 0.0}}, {"model": "analytics.productrecord", "pk": 2, "fields": {"product": 3, "num_views": 14, "num_basket_additions": 0, "num_purchases": 0, "score": 0.0}}, {"model": "analytics.productrecord", "pk": 3, "fields": {"product": 4, "num_views": 8, "num_basket_additions": 0, "num_purchases": 0, "score": 0.0}}, {"model": "analytics.productrecord", "pk": 4, "fields": {"product": 5, "num_views": 12, "num_basket_additions": 0, "num_purchases": 0, "score": 0.0}}, {"model": "analytics.productrecord", "pk": 5, "fields": {"product": 6, "num_views": 45, "num_basket_additions": 0, "num_purchases": 0, "score": 0.0}}, {"model": "analytics.productrecord", "pk": 6, "fields": {"product": 7, "num_views": 19, "num_basket_additions": 0, "num_purchases": 0, "score": 0.0}}, {"model": "analytics.userrecord", "pk": 1, "fields": {"user": ["llopez"], "num_product_views": 130, "num_basket_additions": 0, "num_orders": 0, "num_order_lines": 0, "num_order_items": 0, "total_spent": "0.00", "date_last_order": null}}, {"model": "analytics.userproductview", "pk": 1, "fields": {"user": ["llopez"], "product": 1, "date_created": "2026-07-16T01:22:32.470Z"}}, {"model": "analytics.userproductview", "pk": 2, "fields": {"user": ["llopez"], "product": 1, "date_created": "2026-07-16T01:24:11.524Z"}}, {"model": "analytics.userproductview", "pk": 3, "fields": {"user": ["llopez"], "product": 1, "date_created": "2026-07-16T01:24:32.592Z"}}, {"model": "analytics.userproductview", "pk": 4, "fields": {"user": ["llopez"], "product": 1, "date_created": "2026-07-16T01:25:42.391Z"}}, {"model": "analytics.userproductview", "pk": 5, "fields": {"user": ["llopez"], "product": 1, "date_created": "2026-07-16T01:30:17.117Z"}}, {"model": "analytics.userproductview", "pk": 6, "fields": {"user": ["llopez"], "product": 1, "date_created": "2026-07-16T01:31:45.026Z"}}, {"model": "analytics.userproductview", "pk": 7, "fields": {"user": ["llopez"], "product": 1, "date_created": "2026-07-16T01:34:01.542Z"}}, {"model": "analytics.userproductview", "pk": 8, "fields": {"user": ["llopez"], "product": 1, "date_created": "2026-07-16T01:36:51.543Z"}}, {"model": "analytics.userproductview", "pk": 9, "fields": {"user": ["llopez"], "product": 1, "date_created": "2026-07-16T01:36:53.994Z"}}, {"model": "analytics.userproductview", "pk": 10, "fields": {"user": ["llopez"], "product": 1, "date_created": "2026-07-16T01:37:43.767Z"}}, {"model": "analytics.userproductview", "pk": 11, "fields": {"user": ["llopez"], "product": 1, "date_created": "2026-07-16T01:38:10.039Z"}}, {"model": "analytics.userproductview", "pk": 12, "fields": {"user": ["llopez"], "product": 1, "date_created": "2026-07-16T01:52:05.905Z"}}, {"model": "analytics.userproductview", "pk": 13, "fields": {"user": ["llopez"], "product": 1, "date_created": "2026-07-16T01:58:17.128Z"}}, {"model": "analytics.userproductview", "pk": 14, "fields": {"user": ["llopez"], "product": 1, "date_created": "2026-07-16T01:59:44.433Z"}}, {"model": "analytics.userproductview", "pk": 15, "fields": {"user": ["llopez"], "product": 1, "date_created": "2026-07-16T02:02:45.106Z"}}, {"model": "analytics.userproductview", "pk": 16, "fields": {"user": ["llopez"], "product": 1, "date_created": "2026-07-16T02:09:24.331Z"}}, {"model": "analytics.userproductview", "pk": 17, "fields": {"user": ["llopez"], "product": 1, "date_created": "2026-07-16T02:10:40.858Z"}}, {"model": "analytics.userproductview", "pk": 18, "fields": {"user": ["llopez"], "product": 1, "date_created": "2026-07-16T02:12:44.902Z"}}, {"model": "analytics.userproductview", "pk": 19, "fields": {"user": ["llopez"], "product": 1, "date_created": "2026-07-16T02:14:59.224Z"}}, {"model": "analytics.userproductview", "pk": 20, "fields": {"user": ["llopez"], "product": 1, "date_created": "2026-07-16T02:15:29.002Z"}}, {"model": "analytics.userproductview", "pk": 21, "fields": {"user": ["llopez"], "product": 1, "date_created": "2026-07-16T02:19:28.657Z"}}, {"model": "analytics.userproductview", "pk": 22, "fields": {"user": ["llopez"], "product": 3, "date_created": "2026-07-16T02:36:34.026Z"}}, {"model": "analytics.userproductview", "pk": 23, "fields": {"user": ["llopez"], "product": 4, "date_created": "2026-07-16T02:36:39.000Z"}}, {"model": "analytics.userproductview", "pk": 24, "fields": {"user": ["llopez"], "product": 4, "date_created": "2026-07-16T02:37:47.557Z"}}, {"model": "analytics.userproductview", "pk": 25, "fields": {"user": ["llopez"], "product": 3, "date_created": "2026-07-16T02:41:14.460Z"}}, {"model": "analytics.userproductview", "pk": 26, "fields": {"user": ["llopez"], "product": 5, "date_created": "2026-07-16T02:41:26.574Z"}}, {"model": "analytics.userproductview", "pk": 27, "fields": {"user": ["llopez"], "product": 3, "date_created": "2026-07-16T02:43:28.236Z"}}, {"model": "analytics.userproductview", "pk": 28, "fields": {"user": ["llopez"], "product": 3, "date_created": "2026-07-16T02:48:15.643Z"}}, {"model": "analytics.userproductview", "pk": 29, "fields": {"user": ["llopez"], "product": 5, "date_created": "2026-07-16T02:48:20.545Z"}}, {"model": "analytics.userproductview", "pk": 30, "fields": {"user": ["llopez"], "product": 5, "date_created": "2026-07-16T02:58:29.109Z"}}, {"model": "analytics.userproductview", "pk": 31, "fields": {"user": ["llopez"], "product": 1, "date_created": "2026-07-16T03:00:00.703Z"}}, {"model": "analytics.userproductview", "pk": 32, "fields": {"user": ["llopez"], "product": 1, "date_created": "2026-07-16T03:01:47.339Z"}}, {"model": "analytics.userproductview", "pk": 33, "fields": {"user": ["llopez"], "product": 1, "date_created": "2026-07-16T03:01:58.714Z"}}, {"model": "analytics.userproductview", "pk": 34, "fields": {"user": ["llopez"], "product": 1, "date_created": "2026-07-16T03:03:44.541Z"}}, {"model": "analytics.userproductview", "pk": 35, "fields": {"user": ["llopez"], "product": 1, "date_created": "2026-07-16T03:05:45.120Z"}}, {"model": "analytics.userproductview", "pk": 36, "fields": {"user": ["llopez"], "product": 1, "date_created": "2026-07-16T03:05:47.286Z"}}, {"model": "analytics.userproductview", "pk": 37, "fields": {"user": ["llopez"], "product": 6, "date_created": "2026-07-16T03:09:58.553Z"}}, {"model": "analytics.userproductview", "pk": 38, "fields": {"user": ["llopez"], "product": 1, "date_created": "2026-07-16T03:10:27.026Z"}}, {"model": "analytics.userproductview", "pk": 39, "fields": {"user": ["llopez"], "product": 6, "date_created": "2026-07-16T03:11:40.355Z"}}, {"model": "analytics.userproductview", "pk": 40, "fields": {"user": ["llopez"], "product": 6, "date_created": "2026-07-16T03:12:28.030Z"}}, {"model": "analytics.userproductview", "pk": 41, "fields": {"user": ["llopez"], "product": 1, "date_created": "2026-07-16T03:21:56.285Z"}}, {"model": "analytics.userproductview", "pk": 42, "fields": {"user": ["llopez"], "product": 7, "date_created": "2026-07-16T03:22:01.544Z"}}, {"model": "analytics.userproductview", "pk": 43, "fields": {"user": ["llopez"], "product": 6, "date_created": "2026-07-16T03:22:22.271Z"}}, {"model": "analytics.userproductview", "pk": 44, "fields": {"user": ["llopez"], "product": 7, "date_created": "2026-07-16T03:24:03.618Z"}}, {"model": "analytics.userproductview", "pk": 45, "fields": {"user": ["llopez"], "product": 1, "date_created": "2026-07-16T03:24:46.038Z"}}, {"model": "analytics.userproductview", "pk": 46, "fields": {"user": ["llopez"], "product": 6, "date_created": "2026-07-16T03:26:04.029Z"}}, {"model": "analytics.userproductview", "pk": 47, "fields": {"user": ["llopez"], "product": 7, "date_created": "2026-07-16T03:26:10.872Z"}}, {"model": "analytics.userproductview", "pk": 48, "fields": {"user": ["llopez"], "product": 1, "date_created": "2026-07-16T03:26:20.204Z"}}, {"model": "analytics.userproductview", "pk": 49, "fields": {"user": ["llopez"], "product": 1, "date_created": "2026-07-16T03:48:19.291Z"}}, {"model": "analytics.userproductview", "pk": 50, "fields": {"user": ["llopez"], "product": 6, "date_created": "2026-07-16T03:48:40.591Z"}}, {"model": "analytics.userproductview", "pk": 51, "fields": {"user": ["llopez"], "product": 7, "date_created": "2026-07-16T03:49:03.908Z"}}, {"model": "analytics.userproductview", "pk": 52, "fields": {"user": ["llopez"], "product": 1, "date_created": "2026-07-16T03:49:19.569Z"}}, {"model": "analytics.userproductview", "pk": 53, "fields": {"user": ["llopez"], "product": 7, "date_created": "2026-07-16T03:50:09.650Z"}}, {"model": "analytics.userproductview", "pk": 54, "fields": {"user": ["llopez"], "product": 1, "date_created": "2026-07-16T04:26:06.390Z"}}, {"model": "analytics.userproductview", "pk": 55, "fields": {"user": ["llopez"], "product": 7, "date_created": "2026-07-16T04:30:45.086Z"}}, {"model": "analytics.userproductview", "pk": 56, "fields": {"user": ["llopez"], "product": 3, "date_created": "2026-07-16T05:39:21.033Z"}}, {"model": "analytics.userproductview", "pk": 57, "fields": {"user": ["llopez"], "product": 4, "date_created": "2026-07-16T05:41:10.069Z"}}, {"model": "analytics.userproductview", "pk": 58, "fields": {"user": ["llopez"], "product": 4, "date_created": "2026-07-16T05:41:37.315Z"}}, {"model": "analytics.userproductview", "pk": 59, "fields": {"user": ["llopez"], "product": 1, "date_created": "2026-07-16T05:41:53.637Z"}}, {"model": "analytics.userproductview", "pk": 60, "fields": {"user": ["llopez"], "product": 3, "date_created": "2026-07-16T05:43:12.534Z"}}, {"model": "analytics.userproductview", "pk": 61, "fields": {"user": ["llopez"], "product": 4, "date_created": "2026-07-16T05:43:20.926Z"}}, {"model": "analytics.userproductview", "pk": 62, "fields": {"user": ["llopez"], "product": 1, "date_created": "2026-07-16T05:43:55.118Z"}}, {"model": "analytics.userproductview", "pk": 63, "fields": {"user": ["llopez"], "product": 6, "date_created": "2026-07-16T05:43:58.560Z"}}, {"model": "analytics.userproductview", "pk": 64, "fields": {"user": ["llopez"], "product": 6, "date_created": "2026-07-16T05:46:13.844Z"}}, {"model": "analytics.userproductview", "pk": 65, "fields": {"user": ["llopez"], "product": 1, "date_created": "2026-07-16T05:46:21.212Z"}}, {"model": "analytics.userproductview", "pk": 66, "fields": {"user": ["llopez"], "product": 1, "date_created": "2026-07-16T05:46:32.459Z"}}, {"model": "analytics.userproductview", "pk": 67, "fields": {"user": ["llopez"], "product": 3, "date_created": "2026-07-16T05:46:36.026Z"}}, {"model": "analytics.userproductview", "pk": 68, "fields": {"user": ["llopez"], "product": 3, "date_created": "2026-07-16T05:48:08.413Z"}}, {"model": "analytics.userproductview", "pk": 69, "fields": {"user": ["llopez"], "product": 4, "date_created": "2026-07-16T05:48:40.592Z"}}, {"model": "analytics.userproductview", "pk": 70, "fields": {"user": ["llopez"], "product": 1, "date_created": "2026-07-16T05:49:57.936Z"}}, {"model": "analytics.userproductview", "pk": 71, "fields": {"user": ["llopez"], "product": 7, "date_created": "2026-07-16T05:50:04.975Z"}}, {"model": "analytics.userproductview", "pk": 72, "fields": {"user": ["llopez"], "product": 1, "date_created": "2026-07-16T05:52:04.222Z"}}, {"model": "analytics.userproductview", "pk": 73, "fields": {"user": ["llopez"], "product": 1, "date_created": "2026-07-16T05:56:00.598Z"}}, {"model": "analytics.userproductview", "pk": 74, "fields": {"user": ["llopez"], "product": 1, "date_created": "2026-07-16T05:56:58.321Z"}}, {"model": "analytics.userproductview", "pk": 75, "fields": {"user": ["llopez"], "product": 1, "date_created": "2026-07-16T05:57:48.154Z"}}, {"model": "analytics.userproductview", "pk": 76, "fields": {"user": ["llopez"], "product": 7, "date_created": "2026-07-16T05:58:09.736Z"}}, {"model": "analytics.userproductview", "pk": 77, "fields": {"user": ["llopez"], "product": 6, "date_created": "2026-07-16T05:58:24.989Z"}}, {"model": "analytics.userproductview", "pk": 78, "fields": {"user": ["llopez"], "product": 1, "date_created": "2026-07-16T05:59:27.569Z"}}, {"model": "analytics.userproductview", "pk": 79, "fields": {"user": ["llopez"], "product": 1, "date_created": "2026-07-16T06:02:35.960Z"}}, {"model": "analytics.userproductview", "pk": 80, "fields": {"user": ["llopez"], "product": 7, "date_created": "2026-07-16T06:02:43.330Z"}}, {"model": "analytics.userproductview", "pk": 81, "fields": {"user": ["llopez"], "product": 6, "date_created": "2026-07-16T06:03:14.258Z"}}, {"model": "analytics.userproductview", "pk": 82, "fields": {"user": ["llopez"], "product": 3, "date_created": "2026-07-16T06:03:49.498Z"}}, {"model": "analytics.userproductview", "pk": 83, "fields": {"user": ["llopez"], "product": 5, "date_created": "2026-07-16T06:03:53.425Z"}}, {"model": "analytics.userproductview", "pk": 84, "fields": {"user": ["llopez"], "product": 5, "date_created": "2026-07-16T06:05:58.780Z"}}, {"model": "analytics.userproductview", "pk": 85, "fields": {"user": ["llopez"], "product": 5, "date_created": "2026-07-16T06:07:08.763Z"}}, {"model": "analytics.userproductview", "pk": 86, "fields": {"user": ["llopez"], "product": 5, "date_created": "2026-07-16T06:07:33.627Z"}}, {"model": "analytics.userproductview", "pk": 87, "fields": {"user": ["llopez"], "product": 1, "date_created": "2026-07-16T06:07:52.734Z"}}, {"model": "analytics.userproductview", "pk": 88, "fields": {"user": ["llopez"], "product": 6, "date_created": "2026-07-16T06:08:02.435Z"}}, {"model": "analytics.userproductview", "pk": 89, "fields": {"user": ["llopez"], "product": 1, "date_created": "2026-07-16T06:09:05.459Z"}}, {"model": "analytics.userproductview", "pk": 90, "fields": {"user": ["llopez"], "product": 1, "date_created": "2026-07-17T03:23:01.254Z"}}, {"model": "analytics.userproductview", "pk": 91, "fields": {"user": ["llopez"], "product": 1, "date_created": "2026-07-17T03:32:36.096Z"}}, {"model": "analytics.userproductview", "pk": 92, "fields": {"user": ["llopez"], "product": 1, "date_created": "2026-07-17T03:33:35.661Z"}}, {"model": "analytics.userproductview", "pk": 93, "fields": {"user": ["llopez"], "product": 1, "date_created": "2026-07-17T03:44:15.194Z"}}, {"model": "analytics.userproductview", "pk": 94, "fields": {"user": ["llopez"], "product": 1, "date_created": "2026-07-17T03:46:08.077Z"}}, {"model": "analytics.userproductview", "pk": 95, "fields": {"user": ["llopez"], "product": 6, "date_created": "2026-07-17T03:46:19.876Z"}}, {"model": "analytics.userproductview", "pk": 96, "fields": {"user": ["llopez"], "product": 6, "date_created": "2026-07-17T03:47:42.226Z"}}, {"model": "analytics.userproductview", "pk": 97, "fields": {"user": ["llopez"], "product": 6, "date_created": "2026-07-17T03:48:27.642Z"}}, {"model": "analytics.userproductview", "pk": 98, "fields": {"user": ["llopez"], "product": 1, "date_created": "2026-07-17T03:48:42.872Z"}}, {"model": "analytics.userproductview", "pk": 99, "fields": {"user": ["llopez"], "product": 6, "date_created": "2026-07-17T03:48:49.657Z"}}, {"model": "analytics.userproductview", "pk": 100, "fields": {"user": ["llopez"], "product": 6, "date_created": "2026-07-17T03:48:49.780Z"}}, {"model": "analytics.userproductview", "pk": 101, "fields": {"user": ["llopez"], "product": 1, "date_created": "2026-07-17T03:50:39.855Z"}}, {"model": "analytics.userproductview", "pk": 102, "fields": {"user": ["llopez"], "product": 6, "date_created": "2026-07-17T03:50:58.016Z"}}, {"model": "analytics.userproductview", "pk": 103, "fields": {"user": ["llopez"], "product": 6, "date_created": "2026-07-17T03:51:35.346Z"}}, {"model": "analytics.userproductview", "pk": 104, "fields": {"user": ["llopez"], "product": 6, "date_created": "2026-07-17T03:54:04.668Z"}}, {"model": "analytics.userproductview", "pk": 105, "fields": {"user": ["llopez"], "product": 1, "date_created": "2026-07-17T04:01:23.403Z"}}, {"model": "analytics.userproductview", "pk": 106, "fields": {"user": ["llopez"], "product": 6, "date_created": "2026-07-17T04:01:27.089Z"}}, {"model": "analytics.userproductview", "pk": 107, "fields": {"user": ["llopez"], "product": 3, "date_created": "2026-07-17T04:01:39.683Z"}}, {"model": "analytics.userproductview", "pk": 108, "fields": {"user": ["llopez"], "product": 5, "date_created": "2026-07-17T04:01:43.426Z"}}, {"model": "analytics.userproductview", "pk": 109, "fields": {"user": ["llopez"], "product": 5, "date_created": "2026-07-17T04:02:05.448Z"}}, {"model": "analytics.userproductview", "pk": 110, "fields": {"user": ["llopez"], "product": 1, "date_created": "2026-07-17T04:07:33.912Z"}}, {"model": "analytics.userproductview", "pk": 111, "fields": {"user": ["llopez"], "product": 6, "date_created": "2026-07-17T04:07:37.153Z"}}, {"model": "analytics.userproductview", "pk": 112, "fields": {"user": ["llopez"], "product": 1, "date_created": "2026-07-17T04:17:09.683Z"}}, {"model": "analytics.userproductview", "pk": 113, "fields": {"user": ["llopez"], "product": 6, "date_created": "2026-07-17T04:17:12.964Z"}}, {"model": "analytics.userproductview", "pk": 114, "fields": {"user": ["llopez"], "product": 1, "date_created": "2026-07-17T04:24:26.316Z"}}, {"model": "analytics.userproductview", "pk": 115, "fields": {"user": ["llopez"], "product": 6, "date_created": "2026-07-17T04:24:28.814Z"}}, {"model": "analytics.userproductview", "pk": 116, "fields": {"user": ["llopez"], "product": 1, "date_created": "2026-07-17T04:25:54.322Z"}}, {"model": "analytics.userproductview", "pk": 117, "fields": {"user": ["llopez"], "product": 6, "date_created": "2026-07-17T04:25:56.750Z"}}, {"model": "analytics.userproductview", "pk": 118, "fields": {"user": ["llopez"], "product": 1, "date_created": "2026-07-17T04:27:28.489Z"}}, {"model": "analytics.userproductview", "pk": 119, "fields": {"user": ["llopez"], "product": 6, "date_created": "2026-07-17T04:27:31.079Z"}}, {"model": "analytics.userproductview", "pk": 120, "fields": {"user": ["llopez"], "product": 1, "date_created": "2026-07-17T04:30:31.012Z"}}, {"model": "analytics.userproductview", "pk": 121, "fields": {"user": ["llopez"], "product": 1, "date_created": "2026-07-17T04:34:34.115Z"}}, {"model": "analytics.userproductview", "pk": 122, "fields": {"user": ["llopez"], "product": 1, "date_created": "2026-07-17T04:43:36.206Z"}}, {"model": "analytics.userproductview", "pk": 123, "fields": {"user": ["llopez"], "product": 6, "date_created": "2026-07-17T04:44:37.263Z"}}, {"model": "analytics.userproductview", "pk": 124, "fields": {"user": ["llopez"], "product": 6, "date_created": "2026-07-17T04:44:55.851Z"}}, {"model": "analytics.userproductview", "pk": 125, "fields": {"user": ["llopez"], "product": 6, "date_created": "2026-07-17T04:47:04.756Z"}}, {"model": "analytics.userproductview", "pk": 126, "fields": {"user": ["llopez"], "product": 6, "date_created": "2026-07-17T04:48:11.125Z"}}, {"model": "analytics.userproductview", "pk": 127, "fields": {"user": ["llopez"], "product": 6, "date_created": "2026-07-17T04:50:05.918Z"}}, {"model": "analytics.userproductview", "pk": 128, "fields": {"user": ["llopez"], "product": 3, "date_created": "2026-07-17T04:50:39.160Z"}}, {"model": "analytics.userproductview", "pk": 129, "fields": {"user": ["llopez"], "product": 5, "date_created": "2026-07-17T04:50:42.357Z"}}, {"model": "analytics.userproductview", "pk": 130, "fields": {"user": ["llopez"], "product": 5, "date_created": "2026-07-17T04:50:42.508Z"}}, {"model": "analytics.usersearch", "pk": 1, "fields": {"user": ["llopez"], "query": "mandala", "date_created": "2026-07-16T02:58:43.025Z"}}, {"model": "analytics.usersearch", "pk": 2, "fields": {"user": ["llopez"], "query": "mandala", "date_created": "2026-07-16T02:59:56.194Z"}}, {"model": "analytics.usersearch", "pk": 3, "fields": {"user": ["llopez"], "query": "mandala", "date_created": "2026-07-16T03:01:56.440Z"}}, {"model": "analytics.usersearch", "pk": 4, "fields": {"user": ["llopez"], "query": "mandala", "date_created": "2026-07-16T03:10:20.786Z"}}, {"model": "address.country", "pk": "AD", "fields": {"iso_3166_1_a3": "AND", "iso_3166_1_numeric": "020", "printable_name": "Andorra", "name": "Principality of Andorra", "display_order": 0, "is_shipping_country": true}}, {"model": "address.country", "pk": "AE", "fields": {"iso_3166_1_a3": "ARE", "iso_3166_1_numeric": "784", "printable_name": "United Arab Emirates", "name": "", "display_order": 0, "is_shipping_country": true}}, {"model": "address.country", "pk": "AF", "fields": {"iso_3166_1_a3": "AFG", "iso_3166_1_numeric": "004", "printable_name": "Afghanistan", "name": "Islamic Republic of Afghanistan", "display_order": 0, "is_shipping_country": true}}, {"model": "address.country", "pk": "AG", "fields": {"iso_3166_1_a3": "ATG", "iso_3166_1_numeric": "028", "printable_name": "Antigua and Barbuda", "name": "", "display_order": 0, "is_shipping_country": true}}, {"model": "address.country", "pk": "AI", "fields": {"iso_3166_1_a3": "AIA", "iso_3166_1_numeric": "660", "printable_name": "Anguilla", "name": "", "display_order": 0, "is_shipping_country": true}}, {"model": "address.country", "pk": "AL", "fields": {"iso_3166_1_a3": "ALB", "iso_3166_1_numeric": "008", "printable_name": "Albania", "name": "Republic of Albania", "display_order": 0, "is_shipping_country": true}}, {"model": "address.country", "pk": "AM", "fields": {"iso_3166_1_a3": "ARM", "iso_3166_1_numeric": "051", "printable_name": "Armenia", "name": "Republic of Armenia", "display_order": 0, "is_shipping_country": true}}, {"model": "address.country", "pk": "AO", "fields": {"iso_3166_1_a3": "AGO", "iso_3166_1_numeric": "024", "printable_name": "Angola", "name": "Republic of Angola", "display_order": 0, "is_shipping_country": true}}, {"model": "address.country", "pk": "AQ", "fields": {"iso_3166_1_a3": "ATA", "iso_3166_1_numeric": "010", "printable_name": "Antarctica", "name": "", "display_order": 0, "is_shipping_country": true}}, {"model": "address.country", "pk": "AR", "fields": {"iso_3166_1_a3": "ARG", "iso_3166_1_numeric": "032", "printable_name": "Argentina", "name": "Argentine Republic", "display_order": 0, "is_shipping_country": true}}, {"model": "address.country", "pk": "AS", "fields": {"iso_3166_1_a3": "ASM", "iso_3166_1_numeric": "016", "printable_name": "American Samoa", "name": "", "display_order": 0, "is_shipping_country": true}}, {"model": "address.country", "pk": "AT", "fields": {"iso_3166_1_a3": "AUT", "iso_3166_1_numeric": "040", "printable_name": "Austria", "name": "Republic of Austria", "display_order": 0, "is_shipping_country": true}}, {"model": "address.country", "pk": "AU", "fields": {"iso_3166_1_a3": "AUS", "iso_3166_1_numeric": "036", "printable_name": "Australia", "name": "", "display_order": 0, "is_shipping_country": true}}, {"model": "address.country", "pk": "AW", "fields": {"iso_3166_1_a3": "ABW", "iso_3166_1_numeric": "533", "printable_name": "Aruba", "name": "", "display_order": 0, "is_shipping_country": true}}, {"model": "address.country", "pk": "AX", "fields": {"iso_3166_1_a3": "ALA", "iso_3166_1_numeric": "248", "printable_name": "Åland Islands", "name": "", "display_order": 0, "is_shipping_country": true}}, {"model": "address.country", "pk": "AZ", "fields": {"iso_3166_1_a3": "AZE", "iso_3166_1_numeric": "031", "printable_name": "Azerbaijan", "name": "Republic of Azerbaijan", "display_order": 0, "is_shipping_country": true}}, {"model": "address.country", "pk": "BA", "fields": {"iso_3166_1_a3": "BIH", "iso_3166_1_numeric": "070", "printable_name": "Bosnia and Herzegovina", "name": "Republic of Bosnia and Herzegovina", "display_order": 0, "is_shipping_country": true}}, {"model": "address.country", "pk": "BB", "fields": {"iso_3166_1_a3": "BRB", "iso_3166_1_numeric": "052", "printable_name": "Barbados", "name": "", "display_order": 0, "is_shipping_country": true}}, {"model": "address.country", "pk": "BD", "fields": {"iso_3166_1_a3": "BGD", "iso_3166_1_numeric": "050", "printable_name": "Bangladesh", "name": "People's Republic of Bangladesh", "display_order": 0, "is_shipping_country": true}}, {"model": "address.country", "pk": "BE", "fields": {"iso_3166_1_a3": "BEL", "iso_3166_1_numeric": "056", "printable_name": "Belgium", "name": "Kingdom of Belgium", "display_order": 0, "is_shipping_country": true}}, {"model": "address.country", "pk": "BF", "fields": {"iso_3166_1_a3": "BFA", "iso_3166_1_numeric": "854", "printable_name": "Burkina Faso", "name": "", "display_order": 0, "is_shipping_country": true}}, {"model": "address.country", "pk": "BG", "fields": {"iso_3166_1_a3": "BGR", "iso_3166_1_numeric": "100", "printable_name": "Bulgaria", "name": "Republic of Bulgaria", "display_order": 0, "is_shipping_country": true}}, {"model": "address.country", "pk": "BH", "fields": {"iso_3166_1_a3": "BHR", "iso_3166_1_numeric": "048", "printable_name": "Bahrain", "name": "Kingdom of Bahrain", "display_order": 0, "is_shipping_country": true}}, {"model": "address.country", "pk": "BI", "fields": {"iso_3166_1_a3": "BDI", "iso_3166_1_numeric": "108", "printable_name": "Burundi", "name": "Republic of Burundi", "display_order": 0, "is_shipping_country": true}}, {"model": "address.country", "pk": "BJ", "fields": {"iso_3166_1_a3": "BEN", "iso_3166_1_numeric": "204", "printable_name": "Benin", "name": "Republic of Benin", "display_order": 0, "is_shipping_country": true}}, {"model": "address.country", "pk": "BL", "fields": {"iso_3166_1_a3": "BLM", "iso_3166_1_numeric": "652", "printable_name": "Saint Barthélemy", "name": "", "display_order": 0, "is_shipping_country": true}}, {"model": "address.country", "pk": "BM", "fields": {"iso_3166_1_a3": "BMU", "iso_3166_1_numeric": "060", "printable_name": "Bermuda", "name": "", "display_order": 0, "is_shipping_country": true}}, {"model": "address.country", "pk": "BN", "fields": {"iso_3166_1_a3": "BRN", "iso_3166_1_numeric": "096", "printable_name": "Brunei Darussalam", "name": "", "display_order": 0, "is_shipping_country": true}}, {"model": "address.country", "pk": "BO", "fields": {"iso_3166_1_a3": "BOL", "iso_3166_1_numeric": "068", "printable_name": "Bolivia, Plurinational State of", "name": "Plurinational State of Bolivia", "display_order": 0, "is_shipping_country": true}}, {"model": "address.country", "pk": "BQ", "fields": {"iso_3166_1_a3": "BES", "iso_3166_1_numeric": "535", "printable_name": "Bonaire, Sint Eustatius and Saba", "name": "Bonaire, Sint Eustatius and Saba", "display_order": 0, "is_shipping_country": true}}, {"model": "address.country", "pk": "BR", "fields": {"iso_3166_1_a3": "BRA", "iso_3166_1_numeric": "076", "printable_name": "Brazil", "name": "Federative Republic of Brazil", "display_order": 0, "is_shipping_country": true}}, {"model": "address.country", "pk": "BS", "fields": {"iso_3166_1_a3": "BHS", "iso_3166_1_numeric": "044", "printable_name": "Bahamas", "name": "Commonwealth of the Bahamas", "display_order": 0, "is_shipping_country": true}}, {"model": "address.country", "pk": "BT", "fields": {"iso_3166_1_a3": "BTN", "iso_3166_1_numeric": "064", "printable_name": "Bhutan", "name": "Kingdom of Bhutan", "display_order": 0, "is_shipping_country": true}}, {"model": "address.country", "pk": "BV", "fields": {"iso_3166_1_a3": "BVT", "iso_3166_1_numeric": "074", "printable_name": "Bouvet Island", "name": "", "display_order": 0, "is_shipping_country": true}}, {"model": "address.country", "pk": "BW", "fields": {"iso_3166_1_a3": "BWA", "iso_3166_1_numeric": "072", "printable_name": "Botswana", "name": "Republic of Botswana", "display_order": 0, "is_shipping_country": true}}, {"model": "address.country", "pk": "BY", "fields": {"iso_3166_1_a3": "BLR", "iso_3166_1_numeric": "112", "printable_name": "Belarus", "name": "Republic of Belarus", "display_order": 0, "is_shipping_country": true}}, {"model": "address.country", "pk": "BZ", "fields": {"iso_3166_1_a3": "BLZ", "iso_3166_1_numeric": "084", "printable_name": "Belize", "name": "", "display_order": 0, "is_shipping_country": true}}, {"model": "address.country", "pk": "CA", "fields": {"iso_3166_1_a3": "CAN", "iso_3166_1_numeric": "124", "printable_name": "Canada", "name": "", "display_order": 0, "is_shipping_country": true}}, {"model": "address.country", "pk": "CC", "fields": {"iso_3166_1_a3": "CCK", "iso_3166_1_numeric": "166", "printable_name": "Cocos (Keeling) Islands", "name": "", "display_order": 0, "is_shipping_country": true}}, {"model": "address.country", "pk": "CD", "fields": {"iso_3166_1_a3": "COD", "iso_3166_1_numeric": "180", "printable_name": "Congo, The Democratic Republic of the", "name": "", "display_order": 0, "is_shipping_country": true}}, {"model": "address.country", "pk": "CF", "fields": {"iso_3166_1_a3": "CAF", "iso_3166_1_numeric": "140", "printable_name": "Central African Republic", "name": "", "display_order": 0, "is_shipping_country": true}}, {"model": "address.country", "pk": "CG", "fields": {"iso_3166_1_a3": "COG", "iso_3166_1_numeric": "178", "printable_name": "Congo", "name": "Republic of the Congo", "display_order": 0, "is_shipping_country": true}}, {"model": "address.country", "pk": "CH", "fields": {"iso_3166_1_a3": "CHE", "iso_3166_1_numeric": "756", "printable_name": "Switzerland", "name": "Swiss Confederation", "display_order": 0, "is_shipping_country": true}}, {"model": "address.country", "pk": "CI", "fields": {"iso_3166_1_a3": "CIV", "iso_3166_1_numeric": "384", "printable_name": "Côte d'Ivoire", "name": "Republic of Côte d'Ivoire", "display_order": 0, "is_shipping_country": true}}, {"model": "address.country", "pk": "CK", "fields": {"iso_3166_1_a3": "COK", "iso_3166_1_numeric": "184", "printable_name": "Cook Islands", "name": "", "display_order": 0, "is_shipping_country": true}}, {"model": "address.country", "pk": "CL", "fields": {"iso_3166_1_a3": "CHL", "iso_3166_1_numeric": "152", "printable_name": "Chile", "name": "Republic of Chile", "display_order": 0, "is_shipping_country": true}}, {"model": "address.country", "pk": "CM", "fields": {"iso_3166_1_a3": "CMR", "iso_3166_1_numeric": "120", "printable_name": "Cameroon", "name": "Republic of Cameroon", "display_order": 0, "is_shipping_country": true}}, {"model": "address.country", "pk": "CN", "fields": {"iso_3166_1_a3": "CHN", "iso_3166_1_numeric": "156", "printable_name": "China", "name": "People's Republic of China", "display_order": 0, "is_shipping_country": true}}, {"model": "address.country", "pk": "CO", "fields": {"iso_3166_1_a3": "COL", "iso_3166_1_numeric": "170", "printable_name": "Colombia", "name": "Republic of Colombia", "display_order": 0, "is_shipping_country": true}}, {"model": "address.country", "pk": "CR", "fields": {"iso_3166_1_a3": "CRI", "iso_3166_1_numeric": "188", "printable_name": "Costa Rica", "name": "Republic of Costa Rica", "display_order": 0, "is_shipping_country": true}}, {"model": "address.country", "pk": "CU", "fields": {"iso_3166_1_a3": "CUB", "iso_3166_1_numeric": "192", "printable_name": "Cuba", "name": "Republic of Cuba", "display_order": 0, "is_shipping_country": true}}, {"model": "address.country", "pk": "CV", "fields": {"iso_3166_1_a3": "CPV", "iso_3166_1_numeric": "132", "printable_name": "Cabo Verde", "name": "Republic of Cabo Verde", "display_order": 0, "is_shipping_country": true}}, {"model": "address.country", "pk": "CW", "fields": {"iso_3166_1_a3": "CUW", "iso_3166_1_numeric": "531", "printable_name": "Curaçao", "name": "Curaçao", "display_order": 0, "is_shipping_country": true}}, {"model": "address.country", "pk": "CX", "fields": {"iso_3166_1_a3": "CXR", "iso_3166_1_numeric": "162", "printable_name": "Christmas Island", "name": "", "display_order": 0, "is_shipping_country": true}}, {"model": "address.country", "pk": "CY", "fields": {"iso_3166_1_a3": "CYP", "iso_3166_1_numeric": "196", "printable_name": "Cyprus", "name": "Republic of Cyprus", "display_order": 0, "is_shipping_country": true}}, {"model": "address.country", "pk": "CZ", "fields": {"iso_3166_1_a3": "CZE", "iso_3166_1_numeric": "203", "printable_name": "Czechia", "name": "Czech Republic", "display_order": 0, "is_shipping_country": true}}, {"model": "address.country", "pk": "DE", "fields": {"iso_3166_1_a3": "DEU", "iso_3166_1_numeric": "276", "printable_name": "Germany", "name": "Federal Republic of Germany", "display_order": 0, "is_shipping_country": true}}, {"model": "address.country", "pk": "DJ", "fields": {"iso_3166_1_a3": "DJI", "iso_3166_1_numeric": "262", "printable_name": "Djibouti", "name": "Republic of Djibouti", "display_order": 0, "is_shipping_country": true}}, {"model": "address.country", "pk": "DK", "fields": {"iso_3166_1_a3": "DNK", "iso_3166_1_numeric": "208", "printable_name": "Denmark", "name": "Kingdom of Denmark", "display_order": 0, "is_shipping_country": true}}, {"model": "address.country", "pk": "DM", "fields": {"iso_3166_1_a3": "DMA", "iso_3166_1_numeric": "212", "printable_name": "Dominica", "name": "Commonwealth of Dominica", "display_order": 0, "is_shipping_country": true}}, {"model": "address.country", "pk": "DO", "fields": {"iso_3166_1_a3": "DOM", "iso_3166_1_numeric": "214", "printable_name": "Dominican Republic", "name": "", "display_order": 0, "is_shipping_country": true}}, {"model": "address.country", "pk": "DZ", "fields": {"iso_3166_1_a3": "DZA", "iso_3166_1_numeric": "012", "printable_name": "Algeria", "name": "People's Democratic Republic of Algeria", "display_order": 0, "is_shipping_country": true}}, {"model": "address.country", "pk": "EC", "fields": {"iso_3166_1_a3": "ECU", "iso_3166_1_numeric": "218", "printable_name": "Ecuador", "name": "Republic of Ecuador", "display_order": 0, "is_shipping_country": true}}, {"model": "address.country", "pk": "EE", "fields": {"iso_3166_1_a3": "EST", "iso_3166_1_numeric": "233", "printable_name": "Estonia", "name": "Republic of Estonia", "display_order": 0, "is_shipping_country": true}}, {"model": "address.country", "pk": "EG", "fields": {"iso_3166_1_a3": "EGY", "iso_3166_1_numeric": "818", "printable_name": "Egypt", "name": "Arab Republic of Egypt", "display_order": 0, "is_shipping_country": true}}, {"model": "address.country", "pk": "EH", "fields": {"iso_3166_1_a3": "ESH", "iso_3166_1_numeric": "732", "printable_name": "Western Sahara", "name": "", "display_order": 0, "is_shipping_country": true}}, {"model": "address.country", "pk": "ER", "fields": {"iso_3166_1_a3": "ERI", "iso_3166_1_numeric": "232", "printable_name": "Eritrea", "name": "the State of Eritrea", "display_order": 0, "is_shipping_country": true}}, {"model": "address.country", "pk": "ES", "fields": {"iso_3166_1_a3": "ESP", "iso_3166_1_numeric": "724", "printable_name": "Spain", "name": "Kingdom of Spain", "display_order": 0, "is_shipping_country": true}}, {"model": "address.country", "pk": "ET", "fields": {"iso_3166_1_a3": "ETH", "iso_3166_1_numeric": "231", "printable_name": "Ethiopia", "name": "Federal Democratic Republic of Ethiopia", "display_order": 0, "is_shipping_country": true}}, {"model": "address.country", "pk": "FI", "fields": {"iso_3166_1_a3": "FIN", "iso_3166_1_numeric": "246", "printable_name": "Finland", "name": "Republic of Finland", "display_order": 0, "is_shipping_country": true}}, {"model": "address.country", "pk": "FJ", "fields": {"iso_3166_1_a3": "FJI", "iso_3166_1_numeric": "242", "printable_name": "Fiji", "name": "Republic of Fiji", "display_order": 0, "is_shipping_country": true}}, {"model": "address.country", "pk": "FK", "fields": {"iso_3166_1_a3": "FLK", "iso_3166_1_numeric": "238", "printable_name": "Falkland Islands (Malvinas)", "name": "", "display_order": 0, "is_shipping_country": true}}, {"model": "address.country", "pk": "FM", "fields": {"iso_3166_1_a3": "FSM", "iso_3166_1_numeric": "583", "printable_name": "Micronesia, Federated States of", "name": "Federated States of Micronesia", "display_order": 0, "is_shipping_country": true}}, {"model": "address.country", "pk": "FO", "fields": {"iso_3166_1_a3": "FRO", "iso_3166_1_numeric": "234", "printable_name": "Faroe Islands", "name": "", "display_order": 0, "is_shipping_country": true}}, {"model": "address.country", "pk": "FR", "fields": {"iso_3166_1_a3": "FRA", "iso_3166_1_numeric": "250", "printable_name": "France", "name": "French Republic", "display_order": 0, "is_shipping_country": true}}, {"model": "address.country", "pk": "GA", "fields": {"iso_3166_1_a3": "GAB", "iso_3166_1_numeric": "266", "printable_name": "Gabon", "name": "Gabonese Republic", "display_order": 0, "is_shipping_country": true}}, {"model": "address.country", "pk": "GB", "fields": {"iso_3166_1_a3": "GBR", "iso_3166_1_numeric": "826", "printable_name": "United Kingdom", "name": "United Kingdom of Great Britain and Northern Ireland", "display_order": 0, "is_shipping_country": true}}, {"model": "address.country", "pk": "GD", "fields": {"iso_3166_1_a3": "GRD", "iso_3166_1_numeric": "308", "printable_name": "Grenada", "name": "", "display_order": 0, "is_shipping_country": true}}, {"model": "address.country", "pk": "GE", "fields": {"iso_3166_1_a3": "GEO", "iso_3166_1_numeric": "268", "printable_name": "Georgia", "name": "", "display_order": 0, "is_shipping_country": true}}, {"model": "address.country", "pk": "GF", "fields": {"iso_3166_1_a3": "GUF", "iso_3166_1_numeric": "254", "printable_name": "French Guiana", "name": "", "display_order": 0, "is_shipping_country": true}}, {"model": "address.country", "pk": "GG", "fields": {"iso_3166_1_a3": "GGY", "iso_3166_1_numeric": "831", "printable_name": "Guernsey", "name": "", "display_order": 0, "is_shipping_country": true}}, {"model": "address.country", "pk": "GH", "fields": {"iso_3166_1_a3": "GHA", "iso_3166_1_numeric": "288", "printable_name": "Ghana", "name": "Republic of Ghana", "display_order": 0, "is_shipping_country": true}}, {"model": "address.country", "pk": "GI", "fields": {"iso_3166_1_a3": "GIB", "iso_3166_1_numeric": "292", "printable_name": "Gibraltar", "name": "", "display_order": 0, "is_shipping_country": true}}, {"model": "address.country", "pk": "GL", "fields": {"iso_3166_1_a3": "GRL", "iso_3166_1_numeric": "304", "printable_name": "Greenland", "name": "", "display_order": 0, "is_shipping_country": true}}, {"model": "address.country", "pk": "GM", "fields": {"iso_3166_1_a3": "GMB", "iso_3166_1_numeric": "270", "printable_name": "Gambia", "name": "Republic of the Gambia", "display_order": 0, "is_shipping_country": true}}, {"model": "address.country", "pk": "GN", "fields": {"iso_3166_1_a3": "GIN", "iso_3166_1_numeric": "324", "printable_name": "Guinea", "name": "Republic of Guinea", "display_order": 0, "is_shipping_country": true}}, {"model": "address.country", "pk": "GP", "fields": {"iso_3166_1_a3": "GLP", "iso_3166_1_numeric": "312", "printable_name": "Guadeloupe", "name": "", "display_order": 0, "is_shipping_country": true}}, {"model": "address.country", "pk": "GQ", "fields": {"iso_3166_1_a3": "GNQ", "iso_3166_1_numeric": "226", "printable_name": "Equatorial Guinea", "name": "Republic of Equatorial Guinea", "display_order": 0, "is_shipping_country": true}}, {"model": "address.country", "pk": "GR", "fields": {"iso_3166_1_a3": "GRC", "iso_3166_1_numeric": "300", "printable_name": "Greece", "name": "Hellenic Republic", "display_order": 0, "is_shipping_country": true}}, {"model": "address.country", "pk": "GS", "fields": {"iso_3166_1_a3": "SGS", "iso_3166_1_numeric": "239", "printable_name": "South Georgia and the South Sandwich Islands", "name": "", "display_order": 0, "is_shipping_country": true}}, {"model": "address.country", "pk": "GT", "fields": {"iso_3166_1_a3": "GTM", "iso_3166_1_numeric": "320", "printable_name": "Guatemala", "name": "Republic of Guatemala", "display_order": 0, "is_shipping_country": true}}, {"model": "address.country", "pk": "GU", "fields": {"iso_3166_1_a3": "GUM", "iso_3166_1_numeric": "316", "printable_name": "Guam", "name": "", "display_order": 0, "is_shipping_country": true}}, {"model": "address.country", "pk": "GW", "fields": {"iso_3166_1_a3": "GNB", "iso_3166_1_numeric": "624", "printable_name": "Guinea-Bissau", "name": "Republic of Guinea-Bissau", "display_order": 0, "is_shipping_country": true}}, {"model": "address.country", "pk": "GY", "fields": {"iso_3166_1_a3": "GUY", "iso_3166_1_numeric": "328", "printable_name": "Guyana", "name": "Republic of Guyana", "display_order": 0, "is_shipping_country": true}}, {"model": "address.country", "pk": "HK", "fields": {"iso_3166_1_a3": "HKG", "iso_3166_1_numeric": "344", "printable_name": "Hong Kong", "name": "Hong Kong Special Administrative Region of China", "display_order": 0, "is_shipping_country": true}}, {"model": "address.country", "pk": "HM", "fields": {"iso_3166_1_a3": "HMD", "iso_3166_1_numeric": "334", "printable_name": "Heard Island and McDonald Islands", "name": "", "display_order": 0, "is_shipping_country": true}}, {"model": "address.country", "pk": "HN", "fields": {"iso_3166_1_a3": "HND", "iso_3166_1_numeric": "340", "printable_name": "Honduras", "name": "Republic of Honduras", "display_order": 0, "is_shipping_country": true}}, {"model": "address.country", "pk": "HR", "fields": {"iso_3166_1_a3": "HRV", "iso_3166_1_numeric": "191", "printable_name": "Croatia", "name": "Republic of Croatia", "display_order": 0, "is_shipping_country": true}}, {"model": "address.country", "pk": "HT", "fields": {"iso_3166_1_a3": "HTI", "iso_3166_1_numeric": "332", "printable_name": "Haiti", "name": "Republic of Haiti", "display_order": 0, "is_shipping_country": true}}, {"model": "address.country", "pk": "HU", "fields": {"iso_3166_1_a3": "HUN", "iso_3166_1_numeric": "348", "printable_name": "Hungary", "name": "Hungary", "display_order": 0, "is_shipping_country": true}}, {"model": "address.country", "pk": "ID", "fields": {"iso_3166_1_a3": "IDN", "iso_3166_1_numeric": "360", "printable_name": "Indonesia", "name": "Republic of Indonesia", "display_order": 0, "is_shipping_country": true}}, {"model": "address.country", "pk": "IE", "fields": {"iso_3166_1_a3": "IRL", "iso_3166_1_numeric": "372", "printable_name": "Ireland", "name": "", "display_order": 0, "is_shipping_country": true}}, {"model": "address.country", "pk": "IL", "fields": {"iso_3166_1_a3": "ISR", "iso_3166_1_numeric": "376", "printable_name": "Israel", "name": "State of Israel", "display_order": 0, "is_shipping_country": true}}, {"model": "address.country", "pk": "IM", "fields": {"iso_3166_1_a3": "IMN", "iso_3166_1_numeric": "833", "printable_name": "Isle of Man", "name": "", "display_order": 0, "is_shipping_country": true}}, {"model": "address.country", "pk": "IN", "fields": {"iso_3166_1_a3": "IND", "iso_3166_1_numeric": "356", "printable_name": "India", "name": "Republic of India", "display_order": 0, "is_shipping_country": true}}, {"model": "address.country", "pk": "IO", "fields": {"iso_3166_1_a3": "IOT", "iso_3166_1_numeric": "086", "printable_name": "British Indian Ocean Territory", "name": "", "display_order": 0, "is_shipping_country": true}}, {"model": "address.country", "pk": "IQ", "fields": {"iso_3166_1_a3": "IRQ", "iso_3166_1_numeric": "368", "printable_name": "Iraq", "name": "Republic of Iraq", "display_order": 0, "is_shipping_country": true}}, {"model": "address.country", "pk": "IR", "fields": {"iso_3166_1_a3": "IRN", "iso_3166_1_numeric": "364", "printable_name": "Iran, Islamic Republic of", "name": "Islamic Republic of Iran", "display_order": 0, "is_shipping_country": true}}, {"model": "address.country", "pk": "IS", "fields": {"iso_3166_1_a3": "ISL", "iso_3166_1_numeric": "352", "printable_name": "Iceland", "name": "Republic of Iceland", "display_order": 0, "is_shipping_country": true}}, {"model": "address.country", "pk": "IT", "fields": {"iso_3166_1_a3": "ITA", "iso_3166_1_numeric": "380", "printable_name": "Italy", "name": "Italian Republic", "display_order": 0, "is_shipping_country": true}}, {"model": "address.country", "pk": "JE", "fields": {"iso_3166_1_a3": "JEY", "iso_3166_1_numeric": "832", "printable_name": "Jersey", "name": "", "display_order": 0, "is_shipping_country": true}}, {"model": "address.country", "pk": "JM", "fields": {"iso_3166_1_a3": "JAM", "iso_3166_1_numeric": "388", "printable_name": "Jamaica", "name": "", "display_order": 0, "is_shipping_country": true}}, {"model": "address.country", "pk": "JO", "fields": {"iso_3166_1_a3": "JOR", "iso_3166_1_numeric": "400", "printable_name": "Jordan", "name": "Hashemite Kingdom of Jordan", "display_order": 0, "is_shipping_country": true}}, {"model": "address.country", "pk": "JP", "fields": {"iso_3166_1_a3": "JPN", "iso_3166_1_numeric": "392", "printable_name": "Japan", "name": "", "display_order": 0, "is_shipping_country": true}}, {"model": "address.country", "pk": "KE", "fields": {"iso_3166_1_a3": "KEN", "iso_3166_1_numeric": "404", "printable_name": "Kenya", "name": "Republic of Kenya", "display_order": 0, "is_shipping_country": true}}, {"model": "address.country", "pk": "KG", "fields": {"iso_3166_1_a3": "KGZ", "iso_3166_1_numeric": "417", "printable_name": "Kyrgyzstan", "name": "Kyrgyz Republic", "display_order": 0, "is_shipping_country": true}}, {"model": "address.country", "pk": "KH", "fields": {"iso_3166_1_a3": "KHM", "iso_3166_1_numeric": "116", "printable_name": "Cambodia", "name": "Kingdom of Cambodia", "display_order": 0, "is_shipping_country": true}}, {"model": "address.country", "pk": "KI", "fields": {"iso_3166_1_a3": "KIR", "iso_3166_1_numeric": "296", "printable_name": "Kiribati", "name": "Republic of Kiribati", "display_order": 0, "is_shipping_country": true}}, {"model": "address.country", "pk": "KM", "fields": {"iso_3166_1_a3": "COM", "iso_3166_1_numeric": "174", "printable_name": "Comoros", "name": "Union of the Comoros", "display_order": 0, "is_shipping_country": true}}, {"model": "address.country", "pk": "KN", "fields": {"iso_3166_1_a3": "KNA", "iso_3166_1_numeric": "659", "printable_name": "Saint Kitts and Nevis", "name": "", "display_order": 0, "is_shipping_country": true}}, {"model": "address.country", "pk": "KP", "fields": {"iso_3166_1_a3": "PRK", "iso_3166_1_numeric": "408", "printable_name": "Korea, Democratic People's Republic of", "name": "Democratic People's Republic of Korea", "display_order": 0, "is_shipping_country": true}}, {"model": "address.country", "pk": "KR", "fields": {"iso_3166_1_a3": "KOR", "iso_3166_1_numeric": "410", "printable_name": "Korea, Republic of", "name": "", "display_order": 0, "is_shipping_country": true}}, {"model": "address.country", "pk": "KW", "fields": {"iso_3166_1_a3": "KWT", "iso_3166_1_numeric": "414", "printable_name": "Kuwait", "name": "State of Kuwait", "display_order": 0, "is_shipping_country": true}}, {"model": "address.country", "pk": "KY", "fields": {"iso_3166_1_a3": "CYM", "iso_3166_1_numeric": "136", "printable_name": "Cayman Islands", "name": "", "display_order": 0, "is_shipping_country": true}}, {"model": "address.country", "pk": "KZ", "fields": {"iso_3166_1_a3": "KAZ", "iso_3166_1_numeric": "398", "printable_name": "Kazakhstan", "name": "Republic of Kazakhstan", "display_order": 0, "is_shipping_country": true}}, {"model": "address.country", "pk": "LA", "fields": {"iso_3166_1_a3": "LAO", "iso_3166_1_numeric": "418", "printable_name": "Lao People's Democratic Republic", "name": "", "display_order": 0, "is_shipping_country": true}}, {"model": "address.country", "pk": "LB", "fields": {"iso_3166_1_a3": "LBN", "iso_3166_1_numeric": "422", "printable_name": "Lebanon", "name": "Lebanese Republic", "display_order": 0, "is_shipping_country": true}}, {"model": "address.country", "pk": "LC", "fields": {"iso_3166_1_a3": "LCA", "iso_3166_1_numeric": "662", "printable_name": "Saint Lucia", "name": "", "display_order": 0, "is_shipping_country": true}}, {"model": "address.country", "pk": "LI", "fields": {"iso_3166_1_a3": "LIE", "iso_3166_1_numeric": "438", "printable_name": "Liechtenstein", "name": "Principality of Liechtenstein", "display_order": 0, "is_shipping_country": true}}, {"model": "address.country", "pk": "LK", "fields": {"iso_3166_1_a3": "LKA", "iso_3166_1_numeric": "144", "printable_name": "Sri Lanka", "name": "Democratic Socialist Republic of Sri Lanka", "display_order": 0, "is_shipping_country": true}}, {"model": "address.country", "pk": "LR", "fields": {"iso_3166_1_a3": "LBR", "iso_3166_1_numeric": "430", "printable_name": "Liberia", "name": "Republic of Liberia", "display_order": 0, "is_shipping_country": true}}, {"model": "address.country", "pk": "LS", "fields": {"iso_3166_1_a3": "LSO", "iso_3166_1_numeric": "426", "printable_name": "Lesotho", "name": "Kingdom of Lesotho", "display_order": 0, "is_shipping_country": true}}, {"model": "address.country", "pk": "LT", "fields": {"iso_3166_1_a3": "LTU", "iso_3166_1_numeric": "440", "printable_name": "Lithuania", "name": "Republic of Lithuania", "display_order": 0, "is_shipping_country": true}}, {"model": "address.country", "pk": "LU", "fields": {"iso_3166_1_a3": "LUX", "iso_3166_1_numeric": "442", "printable_name": "Luxembourg", "name": "Grand Duchy of Luxembourg", "display_order": 0, "is_shipping_country": true}}, {"model": "address.country", "pk": "LV", "fields": {"iso_3166_1_a3": "LVA", "iso_3166_1_numeric": "428", "printable_name": "Latvia", "name": "Republic of Latvia", "display_order": 0, "is_shipping_country": true}}, {"model": "address.country", "pk": "LY", "fields": {"iso_3166_1_a3": "LBY", "iso_3166_1_numeric": "434", "printable_name": "Libya", "name": "Libya", "display_order": 0, "is_shipping_country": true}}, {"model": "address.country", "pk": "MA", "fields": {"iso_3166_1_a3": "MAR", "iso_3166_1_numeric": "504", "printable_name": "Morocco", "name": "Kingdom of Morocco", "display_order": 0, "is_shipping_country": true}}, {"model": "address.country", "pk": "MC", "fields": {"iso_3166_1_a3": "MCO", "iso_3166_1_numeric": "492", "printable_name": "Monaco", "name": "Principality of Monaco", "display_order": 0, "is_shipping_country": true}}, {"model": "address.country", "pk": "MD", "fields": {"iso_3166_1_a3": "MDA", "iso_3166_1_numeric": "498", "printable_name": "Moldova, Republic of", "name": "Republic of Moldova", "display_order": 0, "is_shipping_country": true}}, {"model": "address.country", "pk": "ME", "fields": {"iso_3166_1_a3": "MNE", "iso_3166_1_numeric": "499", "printable_name": "Montenegro", "name": "Montenegro", "display_order": 0, "is_shipping_country": true}}, {"model": "address.country", "pk": "MF", "fields": {"iso_3166_1_a3": "MAF", "iso_3166_1_numeric": "663", "printable_name": "Saint Martin (French part)", "name": "", "display_order": 0, "is_shipping_country": true}}, {"model": "address.country", "pk": "MG", "fields": {"iso_3166_1_a3": "MDG", "iso_3166_1_numeric": "450", "printable_name": "Madagascar", "name": "Republic of Madagascar", "display_order": 0, "is_shipping_country": true}}, {"model": "address.country", "pk": "MH", "fields": {"iso_3166_1_a3": "MHL", "iso_3166_1_numeric": "584", "printable_name": "Marshall Islands", "name": "Republic of the Marshall Islands", "display_order": 0, "is_shipping_country": true}}, {"model": "address.country", "pk": "MK", "fields": {"iso_3166_1_a3": "MKD", "iso_3166_1_numeric": "807", "printable_name": "North Macedonia", "name": "Republic of North Macedonia", "display_order": 0, "is_shipping_country": true}}, {"model": "address.country", "pk": "ML", "fields": {"iso_3166_1_a3": "MLI", "iso_3166_1_numeric": "466", "printable_name": "Mali", "name": "Republic of Mali", "display_order": 0, "is_shipping_country": true}}, {"model": "address.country", "pk": "MM", "fields": {"iso_3166_1_a3": "MMR", "iso_3166_1_numeric": "104", "printable_name": "Myanmar", "name": "Republic of Myanmar", "display_order": 0, "is_shipping_country": true}}, {"model": "address.country", "pk": "MN", "fields": {"iso_3166_1_a3": "MNG", "iso_3166_1_numeric": "496", "printable_name": "Mongolia", "name": "", "display_order": 0, "is_shipping_country": true}}, {"model": "address.country", "pk": "MO", "fields": {"iso_3166_1_a3": "MAC", "iso_3166_1_numeric": "446", "printable_name": "Macao", "name": "Macao Special Administrative Region of China", "display_order": 0, "is_shipping_country": true}}, {"model": "address.country", "pk": "MP", "fields": {"iso_3166_1_a3": "MNP", "iso_3166_1_numeric": "580", "printable_name": "Northern Mariana Islands", "name": "Commonwealth of the Northern Mariana Islands", "display_order": 0, "is_shipping_country": true}}, {"model": "address.country", "pk": "MQ", "fields": {"iso_3166_1_a3": "MTQ", "iso_3166_1_numeric": "474", "printable_name": "Martinique", "name": "", "display_order": 0, "is_shipping_country": true}}, {"model": "address.country", "pk": "MR", "fields": {"iso_3166_1_a3": "MRT", "iso_3166_1_numeric": "478", "printable_name": "Mauritania", "name": "Islamic Republic of Mauritania", "display_order": 0, "is_shipping_country": true}}, {"model": "address.country", "pk": "MS", "fields": {"iso_3166_1_a3": "MSR", "iso_3166_1_numeric": "500", "printable_name": "Montserrat", "name": "", "display_order": 0, "is_shipping_country": true}}, {"model": "address.country", "pk": "MT", "fields": {"iso_3166_1_a3": "MLT", "iso_3166_1_numeric": "470", "printable_name": "Malta", "name": "Republic of Malta", "display_order": 0, "is_shipping_country": true}}, {"model": "address.country", "pk": "MU", "fields": {"iso_3166_1_a3": "MUS", "iso_3166_1_numeric": "480", "printable_name": "Mauritius", "name": "Republic of Mauritius", "display_order": 0, "is_shipping_country": true}}, {"model": "address.country", "pk": "MV", "fields": {"iso_3166_1_a3": "MDV", "iso_3166_1_numeric": "462", "printable_name": "Maldives", "name": "Republic of Maldives", "display_order": 0, "is_shipping_country": true}}, {"model": "address.country", "pk": "MW", "fields": {"iso_3166_1_a3": "MWI", "iso_3166_1_numeric": "454", "printable_name": "Malawi", "name": "Republic of Malawi", "display_order": 0, "is_shipping_country": true}}, {"model": "address.country", "pk": "MX", "fields": {"iso_3166_1_a3": "MEX", "iso_3166_1_numeric": "484", "printable_name": "Mexico", "name": "United Mexican States", "display_order": 0, "is_shipping_country": true}}, {"model": "address.country", "pk": "MY", "fields": {"iso_3166_1_a3": "MYS", "iso_3166_1_numeric": "458", "printable_name": "Malaysia", "name": "", "display_order": 0, "is_shipping_country": true}}, {"model": "address.country", "pk": "MZ", "fields": {"iso_3166_1_a3": "MOZ", "iso_3166_1_numeric": "508", "printable_name": "Mozambique", "name": "Republic of Mozambique", "display_order": 0, "is_shipping_country": true}}, {"model": "address.country", "pk": "NA", "fields": {"iso_3166_1_a3": "NAM", "iso_3166_1_numeric": "516", "printable_name": "Namibia", "name": "Republic of Namibia", "display_order": 0, "is_shipping_country": true}}, {"model": "address.country", "pk": "NC", "fields": {"iso_3166_1_a3": "NCL", "iso_3166_1_numeric": "540", "printable_name": "New Caledonia", "name": "", "display_order": 0, "is_shipping_country": true}}, {"model": "address.country", "pk": "NE", "fields": {"iso_3166_1_a3": "NER", "iso_3166_1_numeric": "562", "printable_name": "Niger", "name": "Republic of the Niger", "display_order": 0, "is_shipping_country": true}}, {"model": "address.country", "pk": "NF", "fields": {"iso_3166_1_a3": "NFK", "iso_3166_1_numeric": "574", "printable_name": "Norfolk Island", "name": "", "display_order": 0, "is_shipping_country": true}}, {"model": "address.country", "pk": "NG", "fields": {"iso_3166_1_a3": "NGA", "iso_3166_1_numeric": "566", "printable_name": "Nigeria", "name": "Federal Republic of Nigeria", "display_order": 0, "is_shipping_country": true}}, {"model": "address.country", "pk": "NI", "fields": {"iso_3166_1_a3": "NIC", "iso_3166_1_numeric": "558", "printable_name": "Nicaragua", "name": "Republic of Nicaragua", "display_order": 0, "is_shipping_country": true}}, {"model": "address.country", "pk": "NL", "fields": {"iso_3166_1_a3": "NLD", "iso_3166_1_numeric": "528", "printable_name": "Netherlands", "name": "Kingdom of the Netherlands", "display_order": 0, "is_shipping_country": true}}, {"model": "address.country", "pk": "NO", "fields": {"iso_3166_1_a3": "NOR", "iso_3166_1_numeric": "578", "printable_name": "Norway", "name": "Kingdom of Norway", "display_order": 0, "is_shipping_country": true}}, {"model": "address.country", "pk": "NP", "fields": {"iso_3166_1_a3": "NPL", "iso_3166_1_numeric": "524", "printable_name": "Nepal", "name": "Federal Democratic Republic of Nepal", "display_order": 0, "is_shipping_country": true}}, {"model": "address.country", "pk": "NR", "fields": {"iso_3166_1_a3": "NRU", "iso_3166_1_numeric": "520", "printable_name": "Nauru", "name": "Republic of Nauru", "display_order": 0, "is_shipping_country": true}}, {"model": "address.country", "pk": "NU", "fields": {"iso_3166_1_a3": "NIU", "iso_3166_1_numeric": "570", "printable_name": "Niue", "name": "Niue", "display_order": 0, "is_shipping_country": true}}, {"model": "address.country", "pk": "NZ", "fields": {"iso_3166_1_a3": "NZL", "iso_3166_1_numeric": "554", "printable_name": "New Zealand", "name": "", "display_order": 0, "is_shipping_country": true}}, {"model": "address.country", "pk": "OM", "fields": {"iso_3166_1_a3": "OMN", "iso_3166_1_numeric": "512", "printable_name": "Oman", "name": "Sultanate of Oman", "display_order": 0, "is_shipping_country": true}}, {"model": "address.country", "pk": "PA", "fields": {"iso_3166_1_a3": "PAN", "iso_3166_1_numeric": "591", "printable_name": "Panama", "name": "Republic of Panama", "display_order": 0, "is_shipping_country": true}}, {"model": "address.country", "pk": "PE", "fields": {"iso_3166_1_a3": "PER", "iso_3166_1_numeric": "604", "printable_name": "Peru", "name": "Republic of Peru", "display_order": 0, "is_shipping_country": true}}, {"model": "address.country", "pk": "PF", "fields": {"iso_3166_1_a3": "PYF", "iso_3166_1_numeric": "258", "printable_name": "French Polynesia", "name": "", "display_order": 0, "is_shipping_country": true}}, {"model": "address.country", "pk": "PG", "fields": {"iso_3166_1_a3": "PNG", "iso_3166_1_numeric": "598", "printable_name": "Papua New Guinea", "name": "Independent State of Papua New Guinea", "display_order": 0, "is_shipping_country": true}}, {"model": "address.country", "pk": "PH", "fields": {"iso_3166_1_a3": "PHL", "iso_3166_1_numeric": "608", "printable_name": "Philippines", "name": "Republic of the Philippines", "display_order": 0, "is_shipping_country": true}}, {"model": "address.country", "pk": "PK", "fields": {"iso_3166_1_a3": "PAK", "iso_3166_1_numeric": "586", "printable_name": "Pakistan", "name": "Islamic Republic of Pakistan", "display_order": 0, "is_shipping_country": true}}, {"model": "address.country", "pk": "PL", "fields": {"iso_3166_1_a3": "POL", "iso_3166_1_numeric": "616", "printable_name": "Poland", "name": "Republic of Poland", "display_order": 0, "is_shipping_country": true}}, {"model": "address.country", "pk": "PM", "fields": {"iso_3166_1_a3": "SPM", "iso_3166_1_numeric": "666", "printable_name": "Saint Pierre and Miquelon", "name": "", "display_order": 0, "is_shipping_country": true}}, {"model": "address.country", "pk": "PN", "fields": {"iso_3166_1_a3": "PCN", "iso_3166_1_numeric": "612", "printable_name": "Pitcairn", "name": "", "display_order": 0, "is_shipping_country": true}}, {"model": "address.country", "pk": "PR", "fields": {"iso_3166_1_a3": "PRI", "iso_3166_1_numeric": "630", "printable_name": "Puerto Rico", "name": "", "display_order": 0, "is_shipping_country": true}}, {"model": "address.country", "pk": "PS", "fields": {"iso_3166_1_a3": "PSE", "iso_3166_1_numeric": "275", "printable_name": "Palestine, State of", "name": "the State of Palestine", "display_order": 0, "is_shipping_country": true}}, {"model": "address.country", "pk": "PT", "fields": {"iso_3166_1_a3": "PRT", "iso_3166_1_numeric": "620", "printable_name": "Portugal", "name": "Portuguese Republic", "display_order": 0, "is_shipping_country": true}}, {"model": "address.country", "pk": "PW", "fields": {"iso_3166_1_a3": "PLW", "iso_3166_1_numeric": "585", "printable_name": "Palau", "name": "Republic of Palau", "display_order": 0, "is_shipping_country": true}}, {"model": "address.country", "pk": "PY", "fields": {"iso_3166_1_a3": "PRY", "iso_3166_1_numeric": "600", "printable_name": "Paraguay", "name": "Republic of Paraguay", "display_order": 0, "is_shipping_country": true}}, {"model": "address.country", "pk": "QA", "fields": {"iso_3166_1_a3": "QAT", "iso_3166_1_numeric": "634", "printable_name": "Qatar", "name": "State of Qatar", "display_order": 0, "is_shipping_country": true}}, {"model": "address.country", "pk": "RE", "fields": {"iso_3166_1_a3": "REU", "iso_3166_1_numeric": "638", "printable_name": "Réunion", "name": "", "display_order": 0, "is_shipping_country": true}}, {"model": "address.country", "pk": "RO", "fields": {"iso_3166_1_a3": "ROU", "iso_3166_1_numeric": "642", "printable_name": "Romania", "name": "", "display_order": 0, "is_shipping_country": true}}, {"model": "address.country", "pk": "RS", "fields": {"iso_3166_1_a3": "SRB", "iso_3166_1_numeric": "688", "printable_name": "Serbia", "name": "Republic of Serbia", "display_order": 0, "is_shipping_country": true}}, {"model": "address.country", "pk": "RU", "fields": {"iso_3166_1_a3": "RUS", "iso_3166_1_numeric": "643", "printable_name": "Russian Federation", "name": "", "display_order": 0, "is_shipping_country": true}}, {"model": "address.country", "pk": "RW", "fields": {"iso_3166_1_a3": "RWA", "iso_3166_1_numeric": "646", "printable_name": "Rwanda", "name": "Rwandese Republic", "display_order": 0, "is_shipping_country": true}}, {"model": "address.country", "pk": "SA", "fields": {"iso_3166_1_a3": "SAU", "iso_3166_1_numeric": "682", "printable_name": "Saudi Arabia", "name": "Kingdom of Saudi Arabia", "display_order": 0, "is_shipping_country": true}}, {"model": "address.country", "pk": "SB", "fields": {"iso_3166_1_a3": "SLB", "iso_3166_1_numeric": "090", "printable_name": "Solomon Islands", "name": "", "display_order": 0, "is_shipping_country": true}}, {"model": "address.country", "pk": "SC", "fields": {"iso_3166_1_a3": "SYC", "iso_3166_1_numeric": "690", "printable_name": "Seychelles", "name": "Republic of Seychelles", "display_order": 0, "is_shipping_country": true}}, {"model": "address.country", "pk": "SD", "fields": {"iso_3166_1_a3": "SDN", "iso_3166_1_numeric": "729", "printable_name": "Sudan", "name": "Republic of the Sudan", "display_order": 0, "is_shipping_country": true}}, {"model": "address.country", "pk": "SE", "fields": {"iso_3166_1_a3": "SWE", "iso_3166_1_numeric": "752", "printable_name": "Sweden", "name": "Kingdom of Sweden", "display_order": 0, "is_shipping_country": true}}, {"model": "address.country", "pk": "SG", "fields": {"iso_3166_1_a3": "SGP", "iso_3166_1_numeric": "702", "printable_name": "Singapore", "name": "Republic of Singapore", "display_order": 0, "is_shipping_country": true}}, {"model": "address.country", "pk": "SH", "fields": {"iso_3166_1_a3": "SHN", "iso_3166_1_numeric": "654", "printable_name": "Saint Helena, Ascension and Tristan da Cunha", "name": "", "display_order": 0, "is_shipping_country": true}}, {"model": "address.country", "pk": "SI", "fields": {"iso_3166_1_a3": "SVN", "iso_3166_1_numeric": "705", "printable_name": "Slovenia", "name": "Republic of Slovenia", "display_order": 0, "is_shipping_country": true}}, {"model": "address.country", "pk": "SJ", "fields": {"iso_3166_1_a3": "SJM", "iso_3166_1_numeric": "744", "printable_name": "Svalbard and Jan Mayen", "name": "", "display_order": 0, "is_shipping_country": true}}, {"model": "address.country", "pk": "SK", "fields": {"iso_3166_1_a3": "SVK", "iso_3166_1_numeric": "703", "printable_name": "Slovakia", "name": "Slovak Republic", "display_order": 0, "is_shipping_country": true}}, {"model": "address.country", "pk": "SL", "fields": {"iso_3166_1_a3": "SLE", "iso_3166_1_numeric": "694", "printable_name": "Sierra Leone", "name": "Republic of Sierra Leone", "display_order": 0, "is_shipping_country": true}}, {"model": "address.country", "pk": "SM", "fields": {"iso_3166_1_a3": "SMR", "iso_3166_1_numeric": "674", "printable_name": "San Marino", "name": "Republic of San Marino", "display_order": 0, "is_shipping_country": true}}, {"model": "address.country", "pk": "SN", "fields": {"iso_3166_1_a3": "SEN", "iso_3166_1_numeric": "686", "printable_name": "Senegal", "name": "Republic of Senegal", "display_order": 0, "is_shipping_country": true}}, {"model": "address.country", "pk": "SO", "fields": {"iso_3166_1_a3": "SOM", "iso_3166_1_numeric": "706", "printable_name": "Somalia", "name": "Federal Republic of Somalia", "display_order": 0, "is_shipping_country": true}}, {"model": "address.country", "pk": "SR", "fields": {"iso_3166_1_a3": "SUR", "iso_3166_1_numeric": "740", "printable_name": "Suriname", "name": "Republic of Suriname", "display_order": 0, "is_shipping_country": true}}, {"model": "address.country", "pk": "SS", "fields": {"iso_3166_1_a3": "SSD", "iso_3166_1_numeric": "728", "printable_name": "South Sudan", "name": "Republic of South Sudan", "display_order": 0, "is_shipping_country": true}}, {"model": "address.country", "pk": "ST", "fields": {"iso_3166_1_a3": "STP", "iso_3166_1_numeric": "678", "printable_name": "Sao Tome and Principe", "name": "Democratic Republic of Sao Tome and Principe", "display_order": 0, "is_shipping_country": true}}, {"model": "address.country", "pk": "SV", "fields": {"iso_3166_1_a3": "SLV", "iso_3166_1_numeric": "222", "printable_name": "El Salvador", "name": "Republic of El Salvador", "display_order": 0, "is_shipping_country": true}}, {"model": "address.country", "pk": "SX", "fields": {"iso_3166_1_a3": "SXM", "iso_3166_1_numeric": "534", "printable_name": "Sint Maarten (Dutch part)", "name": "Sint Maarten (Dutch part)", "display_order": 0, "is_shipping_country": true}}, {"model": "address.country", "pk": "SY", "fields": {"iso_3166_1_a3": "SYR", "iso_3166_1_numeric": "760", "printable_name": "Syrian Arab Republic", "name": "", "display_order": 0, "is_shipping_country": true}}, {"model": "address.country", "pk": "SZ", "fields": {"iso_3166_1_a3": "SWZ", "iso_3166_1_numeric": "748", "printable_name": "Eswatini", "name": "Kingdom of Eswatini", "display_order": 0, "is_shipping_country": true}}, {"model": "address.country", "pk": "TC", "fields": {"iso_3166_1_a3": "TCA", "iso_3166_1_numeric": "796", "printable_name": "Turks and Caicos Islands", "name": "", "display_order": 0, "is_shipping_country": true}}, {"model": "address.country", "pk": "TD", "fields": {"iso_3166_1_a3": "TCD", "iso_3166_1_numeric": "148", "printable_name": "Chad", "name": "Republic of Chad", "display_order": 0, "is_shipping_country": true}}, {"model": "address.country", "pk": "TF", "fields": {"iso_3166_1_a3": "ATF", "iso_3166_1_numeric": "260", "printable_name": "French Southern Territories", "name": "", "display_order": 0, "is_shipping_country": true}}, {"model": "address.country", "pk": "TG", "fields": {"iso_3166_1_a3": "TGO", "iso_3166_1_numeric": "768", "printable_name": "Togo", "name": "Togolese Republic", "display_order": 0, "is_shipping_country": true}}, {"model": "address.country", "pk": "TH", "fields": {"iso_3166_1_a3": "THA", "iso_3166_1_numeric": "764", "printable_name": "Thailand", "name": "Kingdom of Thailand", "display_order": 0, "is_shipping_country": true}}, {"model": "address.country", "pk": "TJ", "fields": {"iso_3166_1_a3": "TJK", "iso_3166_1_numeric": "762", "printable_name": "Tajikistan", "name": "Republic of Tajikistan", "display_order": 0, "is_shipping_country": true}}, {"model": "address.country", "pk": "TK", "fields": {"iso_3166_1_a3": "TKL", "iso_3166_1_numeric": "772", "printable_name": "Tokelau", "name": "", "display_order": 0, "is_shipping_country": true}}, {"model": "address.country", "pk": "TL", "fields": {"iso_3166_1_a3": "TLS", "iso_3166_1_numeric": "626", "printable_name": "Timor-Leste", "name": "Democratic Republic of Timor-Leste", "display_order": 0, "is_shipping_country": true}}, {"model": "address.country", "pk": "TM", "fields": {"iso_3166_1_a3": "TKM", "iso_3166_1_numeric": "795", "printable_name": "Turkmenistan", "name": "", "display_order": 0, "is_shipping_country": true}}, {"model": "address.country", "pk": "TN", "fields": {"iso_3166_1_a3": "TUN", "iso_3166_1_numeric": "788", "printable_name": "Tunisia", "name": "Republic of Tunisia", "display_order": 0, "is_shipping_country": true}}, {"model": "address.country", "pk": "TO", "fields": {"iso_3166_1_a3": "TON", "iso_3166_1_numeric": "776", "printable_name": "Tonga", "name": "Kingdom of Tonga", "display_order": 0, "is_shipping_country": true}}, {"model": "address.country", "pk": "TR", "fields": {"iso_3166_1_a3": "TUR", "iso_3166_1_numeric": "792", "printable_name": "Türkiye", "name": "Republic of Türkiye", "display_order": 0, "is_shipping_country": true}}, {"model": "address.country", "pk": "TT", "fields": {"iso_3166_1_a3": "TTO", "iso_3166_1_numeric": "780", "printable_name": "Trinidad and Tobago", "name": "Republic of Trinidad and Tobago", "display_order": 0, "is_shipping_country": true}}, {"model": "address.country", "pk": "TV", "fields": {"iso_3166_1_a3": "TUV", "iso_3166_1_numeric": "798", "printable_name": "Tuvalu", "name": "", "display_order": 0, "is_shipping_country": true}}, {"model": "address.country", "pk": "TW", "fields": {"iso_3166_1_a3": "TWN", "iso_3166_1_numeric": "158", "printable_name": "Taiwan, Province of China", "name": "Taiwan, Province of China", "display_order": 0, "is_shipping_country": true}}, {"model": "address.country", "pk": "TZ", "fields": {"iso_3166_1_a3": "TZA", "iso_3166_1_numeric": "834", "printable_name": "Tanzania, United Republic of", "name": "United Republic of Tanzania", "display_order": 0, "is_shipping_country": true}}, {"model": "address.country", "pk": "UA", "fields": {"iso_3166_1_a3": "UKR", "iso_3166_1_numeric": "804", "printable_name": "Ukraine", "name": "", "display_order": 0, "is_shipping_country": true}}, {"model": "address.country", "pk": "UG", "fields": {"iso_3166_1_a3": "UGA", "iso_3166_1_numeric": "800", "printable_name": "Uganda", "name": "Republic of Uganda", "display_order": 0, "is_shipping_country": true}}, {"model": "address.country", "pk": "UM", "fields": {"iso_3166_1_a3": "UMI", "iso_3166_1_numeric": "581", "printable_name": "United States Minor Outlying Islands", "name": "", "display_order": 0, "is_shipping_country": true}}, {"model": "address.country", "pk": "US", "fields": {"iso_3166_1_a3": "USA", "iso_3166_1_numeric": "840", "printable_name": "United States", "name": "United States of America", "display_order": 0, "is_shipping_country": true}}, {"model": "address.country", "pk": "UY", "fields": {"iso_3166_1_a3": "URY", "iso_3166_1_numeric": "858", "printable_name": "Uruguay", "name": "Eastern Republic of Uruguay", "display_order": 0, "is_shipping_country": true}}, {"model": "address.country", "pk": "UZ", "fields": {"iso_3166_1_a3": "UZB", "iso_3166_1_numeric": "860", "printable_name": "Uzbekistan", "name": "Republic of Uzbekistan", "display_order": 0, "is_shipping_country": true}}, {"model": "address.country", "pk": "VA", "fields": {"iso_3166_1_a3": "VAT", "iso_3166_1_numeric": "336", "printable_name": "Holy See (Vatican City State)", "name": "", "display_order": 0, "is_shipping_country": true}}, {"model": "address.country", "pk": "VC", "fields": {"iso_3166_1_a3": "VCT", "iso_3166_1_numeric": "670", "printable_name": "Saint Vincent and the Grenadines", "name": "", "display_order": 0, "is_shipping_country": true}}, {"model": "address.country", "pk": "VE", "fields": {"iso_3166_1_a3": "VEN", "iso_3166_1_numeric": "862", "printable_name": "Venezuela, Bolivarian Republic of", "name": "Bolivarian Republic of Venezuela", "display_order": 0, "is_shipping_country": true}}, {"model": "address.country", "pk": "VG", "fields": {"iso_3166_1_a3": "VGB", "iso_3166_1_numeric": "092", "printable_name": "Virgin Islands, British", "name": "British Virgin Islands", "display_order": 0, "is_shipping_country": true}}, {"model": "address.country", "pk": "VI", "fields": {"iso_3166_1_a3": "VIR", "iso_3166_1_numeric": "850", "printable_name": "Virgin Islands, U.S.", "name": "Virgin Islands of the United States", "display_order": 0, "is_shipping_country": true}}, {"model": "address.country", "pk": "VN", "fields": {"iso_3166_1_a3": "VNM", "iso_3166_1_numeric": "704", "printable_name": "Viet Nam", "name": "Socialist Republic of Viet Nam", "display_order": 0, "is_shipping_country": true}}, {"model": "address.country", "pk": "VU", "fields": {"iso_3166_1_a3": "VUT", "iso_3166_1_numeric": "548", "printable_name": "Vanuatu", "name": "Republic of Vanuatu", "display_order": 0, "is_shipping_country": true}}, {"model": "address.country", "pk": "WF", "fields": {"iso_3166_1_a3": "WLF", "iso_3166_1_numeric": "876", "printable_name": "Wallis and Futuna", "name": "", "display_order": 0, "is_shipping_country": true}}, {"model": "address.country", "pk": "WS", "fields": {"iso_3166_1_a3": "WSM", "iso_3166_1_numeric": "882", "printable_name": "Samoa", "name": "Independent State of Samoa", "display_order": 0, "is_shipping_country": true}}, {"model": "address.country", "pk": "YE", "fields": {"iso_3166_1_a3": "YEM", "iso_3166_1_numeric": "887", "printable_name": "Yemen", "name": "Republic of Yemen", "display_order": 0, "is_shipping_country": true}}, {"model": "address.country", "pk": "YT", "fields": {"iso_3166_1_a3": "MYT", "iso_3166_1_numeric": "175", "printable_name": "Mayotte", "name": "", "display_order": 0, "is_shipping_country": true}}, {"model": "address.country", "pk": "ZA", "fields": {"iso_3166_1_a3": "ZAF", "iso_3166_1_numeric": "710", "printable_name": "South Africa", "name": "Republic of South Africa", "display_order": 0, "is_shipping_country": true}}, {"model": "address.country", "pk": "ZM", "fields": {"iso_3166_1_a3": "ZMB", "iso_3166_1_numeric": "894", "printable_name": "Zambia", "name": "Republic of Zambia", "display_order": 0, "is_shipping_country": true}}, {"model": "address.country", "pk": "ZW", "fields": {"iso_3166_1_a3": "ZWE", "iso_3166_1_numeric": "716", "printable_name": "Zimbabwe", "name": "Republic of Zimbabwe", "display_order": 0, "is_shipping_country": true}}, {"model": "catalogue.productclass", "pk": 1, "fields": {"name": "Multicapas / 3D", "slug": "multicapas-3d", "requires_shipping": true, "track_stock": true, "options": []}}, {"model": "catalogue.category", "pk": 1, "fields": {"path": "0001", "depth": 1, "numchild": 0, "name": "Welcomp", "code": "", "description": "", "long_description": "", "meta_title": null, "meta_description": "", "image": "", "slug": "welcomp", "exclude_from_menu": false, "is_public": true, "ancestors_are_public": true}}, {"model": "catalogue.category", "pk": 2, "fields": {"path": "0002", "depth": 1, "numchild": 1, "name": "IngeniArte", "code": "", "description": "", "long_description": "", "meta_title": null, "meta_description": "", "image": "", "slug": "ingeniarte", "exclude_from_menu": false, "is_public": true, "ancestors_are_public": true}}, {"model": "catalogue.category", "pk": 3, "fields": {"path": "000200010001", "depth": 3, "numchild": 0, "name": "Arte & decoración", "code": "", "description": "", "long_description": "", "meta_title": null, "meta_description": "", "image": "", "slug": "decoracion", "exclude_from_menu": false, "is_public": true, "ancestors_are_public": true}}, {"model": "catalogue.category", "pk": 4, "fields": {"path": "000200010002", "depth": 3, "numchild": 0, "name": "Iluminación", "code": "", "description": "", "long_description": "", "meta_title": null, "meta_description": "", "image": "", "slug": "iluminacion", "exclude_from_menu": false, "is_public": true, "ancestors_are_public": true}}, {"model": "catalogue.category", "pk": 5, "fields": {"path": "00020001", "depth": 2, "numchild": 4, "name": "Taller creativo", "code": "", "description": "", "long_description": "", "meta_title": null, "meta_description": "", "image": "", "slug": "taller-creativo", "exclude_from_menu": false, "is_public": true, "ancestors_are_public": true}}, {"model": "catalogue.category", "pk": 6, "fields": {"path": "000200010004", "depth": 3, "numchild": 0, "name": "Corporativo", "code": "", "description": "", "long_description": "", "meta_title": null, "meta_description": "", "image": "", "slug": "corporativo", "exclude_from_menu": false, "is_public": true, "ancestors_are_public": true}}, {"model": "catalogue.category", "pk": 7, "fields": {"path": "000200010003", "depth": 3, "numchild": 0, "name": "Oficina", "code": "", "description": "", "long_description": "", "meta_title": null, "meta_description": "", "image": "", "slug": "oficina", "exclude_from_menu": false, "is_public": true, "ancestors_are_public": true}}, {"model": "catalogue.productcategory", "pk": 1, "fields": {"product": 1, "category": 3}}, {"model": "catalogue.productcategory", "pk": 2, "fields": {"product": 3, "category": 3}}, {"model": "catalogue.product", "pk": 1, "fields": {"structure": "parent", "is_public": true, "upc": "MLM-HPMDF-0001", "parent": null, "title": "Mandala multicapa MDF, pintada a mano", "slug": "mandala", "description": "<p data-path-to-node=\"3\">Transforma cualquier rincón de tu hogar y oficina con una pieza que va mucho más allá de la decoración tradicional. Nuestra <strong data-path-to-node=\"3\" data-index-in-node=\"114\">Mandala Multicapa</strong> fusiona la precisión milimétrica del corte tecnológico con la calidez, el alma y el cuidado del trabajo hecho a mano.</p>\r\n<p data-path-to-node=\"4\">Cada capa ha sido meticulosamente diseñada y superpuesta para crear un asombroso <strong data-path-to-node=\"4\" data-index-in-node=\"81\">efecto tridimensional (3D)</strong> que juega con la luz natural de tus espacios, proyectando sombras dinámicas que cambian según el ángulo desde el que la mires. Es la combinación perfecta de geometría simétrica, texturas y sofisticación.</p>", "meta_title": null, "meta_description": "", "priority": 0, "product_class": 1, "rating": null, "date_created": "2026-07-16T01:21:43.930Z", "date_updated": "2026-07-17T03:45:25.937Z", "is_discountable": false, "code": null, "product_options": []}}, {"model": "catalogue.product", "pk": 3, "fields": {"structure": "parent", "is_public": true, "upc": "MLM-W-0001", "parent": null, "title": "Mandala multicapa madera genuina", "slug": "mandala", "description": "<p data-path-to-node=\"3\">Transforma cualquier rincón de tu hogar con una pieza que va mucho más allá de la decoración tradicional. Nuestra <strong data-path-to-node=\"3\" data-index-in-node=\"114\">Mandala Multicapa</strong> fusiona la precisión milimétrica del corte tecnológico con la calidez, el alma y el cuidado del trabajo hecho a mano.</p>\r\n<p data-path-to-node=\"4\">Cada capa ha sido meticulosamente diseñada y superpuesta para crear un asombroso <strong data-path-to-node=\"4\" data-index-in-node=\"81\">efecto tridimensional (3D)</strong> que juega con la luz natural de tus espacios, proyectando sombras dinámicas que cambian según el ángulo desde el que la mires. Es la combinación perfecta de geometría simétrica, texturas y sofisticación.</p>", "meta_title": null, "meta_description": "", "priority": 0, "product_class": 1, "rating": null, "date_created": "2026-07-16T02:27:56.192Z", "date_updated": "2026-07-16T05:57:17.487Z", "is_discountable": true, "code": null, "product_options": []}}, {"model": "catalogue.product", "pk": 4, "fields": {"structure": "child", "is_public": true, "upc": "MLM-40-0001", "parent": 3, "title": "Mandala 40 cms", "slug": "mandala-40-cms", "description": "", "meta_title": null, "meta_description": "", "priority": 0, "product_class": null, "rating": 5.0, "date_created": "2026-07-16T02:30:05.671Z", "date_updated": "2026-07-16T05:41:37.023Z", "is_discountable": true, "code": null, "product_options": []}}, {"model": "catalogue.product", "pk": 5, "fields": {"structure": "child", "is_public": true, "upc": "MLM-50-0001", "parent": 3, "title": "Mandala 50 cms", "slug": "mandala-50-cms", "description": "", "meta_title": null, "meta_description": "", "priority": 0, "product_class": null, "rating": null, "date_created": "2026-07-16T02:41:04.981Z", "date_updated": "2026-07-16T02:46:29.603Z", "is_discountable": true, "code": null, "product_options": []}}, {"model": "catalogue.product", "pk": 6, "fields": {"structure": "child", "is_public": true, "upc": "MLM-HPMDF40", "parent": 1, "title": "Mandala multicapa MDF 40cms, pintada a mano", "slug": "mandala-multicapa-madera-genuina", "description": "", "meta_title": null, "meta_description": "", "priority": 0, "product_class": null, "rating": null, "date_created": "2026-07-16T03:09:51.286Z", "date_updated": "2026-07-17T03:48:23.866Z", "is_discountable": true, "code": null, "product_options": []}}, {"model": "catalogue.product", "pk": 7, "fields": {"structure": "child", "is_public": true, "upc": "MLM-HPMDF50", "parent": 1, "title": "Mandala multicapa MDF 50cms, pintada a mano", "slug": "mandala-multicapa-50cms-madera-genuina", "description": "", "meta_title": null, "meta_description": "", "priority": 0, "product_class": null, "rating": null, "date_created": "2026-07-16T03:21:42.356Z", "date_updated": "2026-07-17T03:46:49.912Z", "is_discountable": true, "code": null, "product_options": []}}, {"model": "catalogue.productrecommendation", "pk": 1, "fields": {"primary": 1, "recommendation": 3, "ranking": 1}}, {"model": "catalogue.productattribute", "pk": 2, "fields": {"product_class": 1, "name": "Dimensiones", "code": "dim", "type": "option", "option_group": 1, "required": true}}, {"model": "catalogue.productattributevalue", "pk": 5, "fields": {"attribute": 2, "product": 6, "value_text": null, "value_integer": null, "value_boolean": null, "value_float": null, "value_richtext": null, "value_date": null, "value_datetime": null, "value_option": 1, "value_file": "", "value_image": "", "entity_content_type": null, "entity_object_id": null, "value_multi_option": []}}, {"model": "catalogue.productattributevalue", "pk": 6, "fields": {"attribute": 2, "product": 7, "value_text": null, "value_integer": null, "value_boolean": null, "value_float": null, "value_richtext": null, "value_date": null, "value_datetime": null, "value_option": 2, "value_file": "", "value_image": "", "entity_content_type": null, "entity_object_id": null, "value_multi_option": []}}, {"model": "catalogue.attributeoptiongroup", "pk": 1, "fields": {"name": "Dimensiones", "code": ""}}, {"model": "catalogue.attributeoption", "pk": 1, "fields": {"group": 1, "option": "40 cms", "code": ""}}, {"model": "catalogue.attributeoption", "pk": 2, "fields": {"group": 1, "option": "50 cms", "code": ""}}, {"model": "catalogue.attributeoption", "pk": 3, "fields": {"group": 1, "option": "60 cms", "code": ""}}, {"model": "catalogue.attributeoption", "pk": 4, "fields": {"group": 1, "option": "70 cms", "code": ""}}, {"model": "catalogue.attributeoption", "pk": 5, "fields": {"group": 1, "option": "80 cms", "code": ""}}, {"model": "catalogue.attributeoption", "pk": 6, "fields": {"group": 1, "option": "90 cms", "code": ""}}, {"model": "catalogue.option", "pk": 1, "fields": {"name": "Dimensiones", "code": "dimensiones", "type": "select", "required": true, "option_group": 1, "help_text": null, "order": null}}, {"model": "catalogue.productimage", "pk": 8, "fields": {"product": 1, "code": "", "original": "images/products/2026/07/mandala1_1_P1AMUaD.jpg", "caption": "", "display_order": 0, "date_created": "2026-07-16T02:09:16.862Z"}}, {"model": "catalogue.productimage", "pk": 10, "fields": {"product": 3, "code": "", "original": "images/products/2026/07/mandala1_1_2ZTY0XV.jpg", "caption": "", "display_order": 0, "date_created": "2026-07-16T02:28:11.438Z"}}, {"model": "catalogue.productimage", "pk": 11, "fields": {"product": 7, "code": "", "original": "images/products/2026/07/mandala1-A1.jpg", "caption": "", "display_order": 0, "date_created": "2026-07-17T03:46:49.944Z"}}, {"model": "catalogue.productimage", "pk": 12, "fields": {"product": 6, "code": "", "original": "images/products/2026/07/mandala1-A1_Sh6vJV5.jpg", "caption": "", "display_order": 1, "date_created": "2026-07-17T03:47:32.367Z"}}, {"model": "catalogue.productimage", "pk": 13, "fields": {"product": 6, "code": "", "original": "images/products/2026/07/mandala1_1_guCW1NE.jpg", "caption": "", "display_order": 0, "date_created": "2026-07-17T03:48:23.891Z"}}, {"model": "reviews.productreview", "pk": 1, "fields": {"product": 4, "score": 5, "title": "Hermosa", "body": "muy linda", "user": ["llopez"], "name": "", "email": "", "homepage": "", "status": 1, "total_votes": 0, "delta_votes": 0, "date_created": "2026-07-16T05:41:37.020Z"}}, {"model": "partner.partner", "pk": 1, "fields": {"code": "welcomp", "name": "Welcomp", "users": []}}, {"model": "partner.partner", "pk": 2, "fields": {"code": "ingeniarte", "name": "IngeniArte", "users": []}}, {"model": "partner.stockrecord", "pk": 2, "fields": {"product": 4, "partner": 2, "partner_sku": "MLM-40-0001", "price_currency": "COP", "price": "285000.00", "num_in_stock": 1, "num_allocated": null, "low_stock_threshold": 1, "date_created": "2026-07-16T02:35:45.053Z", "date_updated": "2026-07-16T02:35:45.053Z"}}, {"model": "partner.stockrecord", "pk": 3, "fields": {"product": 5, "partner": 2, "partner_sku": "MLM-50", "price_currency": "COP", "price": "295000.00", "num_in_stock": 2, "num_allocated": null, "low_stock_threshold": 1, "date_created": "2026-07-16T02:41:04.995Z", "date_updated": "2026-07-16T02:41:04.995Z"}}, {"model": "partner.stockrecord", "pk": 5, "fields": {"product": 6, "partner": 2, "partner_sku": "40", "price_currency": "COP", "price": "285000.00", "num_in_stock": 3, "num_allocated": null, "low_stock_threshold": 1, "date_created": "2026-07-16T03:09:51.298Z", "date_updated": "2026-07-16T03:09:51.298Z"}}, {"model": "partner.stockrecord", "pk": 6, "fields": {"product": 7, "partner": 2, "partner_sku": "50cms", "price_currency": "COP", "price": "295000.00", "num_in_stock": 4, "num_allocated": null, "low_stock_threshold": 1, "date_created": "2026-07-16T03:21:42.396Z", "date_updated": "2026-07-16T03:21:42.396Z"}}, {"model": "basket.basket", "pk": 1, "fields": {"owner": ["llopez"], "status": "Open", "date_created": "2026-07-16T01:02:54.847Z", "date_merged": null, "date_submitted": null, "vouchers": []}}, {"model": "basket.basket", "pk": 2, "fields": {"owner": null, "status": "Open", "date_created": "2026-07-16T01:43:55.272Z", "date_merged": null, "date_submitted": null, "vouchers": []}}, {"model": "wishlists.wishlist", "pk": 1, "fields": {"owner": ["llopez"], "name": "Por defecto", "key": "02bcwt", "visibility": "Private", "date_created": "2026-07-16T01:24:11.319Z"}}, {"model": "wishlists.wishlist", "pk": 2, "fields": {"owner": ["llopez"], "name": "Lista de deseos", "key": "57t25w", "visibility": "Private", "date_created": "2026-07-17T04:28:55.220Z"}}, {"model": "wishlists.line", "pk": 3, "fields": {"wishlist": 1, "product": 5, "quantity": 1, "title": "Mandala 50 cms"}}, {"model": "wishlists.line", "pk": 4, "fields": {"wishlist": 2, "product": 6, "quantity": 1, "title": "Mandala multicapa MDF 40cms, pintada a mano"}}, {"model": "thumbnail.kvstore", "pk": "sorl-thumbnail||image||035606f47f8b6638e098419be1a19cf5", "fields": {"value": "{\"name\": \"cache/e9/00/e900720223b83c5248591ad35d123a04.jpg\", \"storage\": \"django.core.files.storage.filesystem.FileSystemStorage\", \"size\": [150, 150]}"}}, {"model": "thumbnail.kvstore", "pk": "sorl-thumbnail||image||04a671d7622dcb55fa4126dc6b32e6d6", "fields": {"value": "{\"name\": \"images/products/2026/07/mandala1-A1_Sh6vJV5.jpg\", \"storage\": \"django.core.files.storage.filesystem.FileSystemStorage\", \"size\": [1720, 1249]}"}}, {"model": "thumbnail.kvstore", "pk": "sorl-thumbnail||image||0840ce996d7ee11d603540dafb41e9b4", "fields": {"value": "{\"name\": \"images/products/2026/07/mandala1_1_guCW1NE.jpg\", \"storage\": \"django.core.files.storage.filesystem.FileSystemStorage\", \"size\": [994, 994]}"}}, {"model": "thumbnail.kvstore", "pk": "sorl-thumbnail||image||0930860233386b4046043aef13ea5769", "fields": {"value": "{\"name\": \"cache/44/9b/449bbc90a104f1855214f774868bb26e.jpg\", \"storage\": \"django.core.files.storage.filesystem.FileSystemStorage\", \"size\": [70, 70]}"}}, {"model": "thumbnail.kvstore", "pk": "sorl-thumbnail||image||172f140109ac305dbafbbf90a4b1b170", "fields": {"value": "{\"name\": \"cache/9f/ae/9fae21ab5fb421275c3025428415ff6f.jpg\", \"storage\": \"django.core.files.storage.filesystem.FileSystemStorage\", \"size\": [150, 150]}"}}, {"model": "thumbnail.kvstore", "pk": "sorl-thumbnail||image||1f38dc1adf707041316255c51666bf96", "fields": {"value": "{\"name\": \"cache/58/6a/586a361201d8e5e127f40e0902eb6746.jpg\", \"storage\": \"django.core.files.storage.filesystem.FileSystemStorage\", \"size\": [100, 100]}"}}, {"model": "thumbnail.kvstore", "pk": "sorl-thumbnail||image||34c1b1175a91214a154e45e8863bef8b", "fields": {"value": "{\"name\": \"cache/38/d6/38d6015653a687708a08dcf2144a0864.jpg\", \"storage\": \"django.core.files.storage.filesystem.FileSystemStorage\", \"size\": [155, 155]}"}}, {"model": "thumbnail.kvstore", "pk": "sorl-thumbnail||image||4236223066ba57e5e125749ec1e07d4c", "fields": {"value": "{\"name\": \"cache/4e/f1/4ef177c77b7c9f544bd5be5141874445.jpg\", \"storage\": \"django.core.files.storage.filesystem.FileSystemStorage\", \"size\": [400, 400]}"}}, {"model": "thumbnail.kvstore", "pk": "sorl-thumbnail||image||455ca9841f2397f66ee99b076233efba", "fields": {"value": "{\"name\": \"images/products/2026/07/mandala1_1_2ZTY0XV.jpg\", \"storage\": \"django.core.files.storage.filesystem.FileSystemStorage\", \"size\": [994, 994]}"}}, {"model": "thumbnail.kvstore", "pk": "sorl-thumbnail||image||4b1172457225e0951cbb31366a2c0326", "fields": {"value": "{\"name\": \"images/products/2026/07/mandala1_1.jpg\", \"storage\": \"django.core.files.storage.filesystem.FileSystemStorage\", \"size\": [994, 994]}"}}, {"model": "thumbnail.kvstore", "pk": "sorl-thumbnail||image||5e045128a60d58e17bded3301ab145d1", "fields": {"value": "{\"name\": \"cache/b0/b3/b0b3984936370b65fe0b849f96013da8.jpg\", \"storage\": \"django.core.files.storage.filesystem.FileSystemStorage\", \"size\": [65, 55]}"}}, {"model": "thumbnail.kvstore", "pk": "sorl-thumbnail||image||7000178cb0152fe69790427df05b378a", "fields": {"value": "{\"name\": \"cache/03/7c/037c28644d89bdbc380bcfc763774ea9.jpg\", \"storage\": \"django.core.files.storage.filesystem.FileSystemStorage\", \"size\": [400, 400]}"}}, {"model": "thumbnail.kvstore", "pk": "sorl-thumbnail||image||71aafc94343ffaca276a4444dbe181ce", "fields": {"value": "{\"name\": \"cache/51/60/51609bd78fa5b3763ea401add9c7facd.jpg\", \"storage\": \"django.core.files.storage.filesystem.FileSystemStorage\", \"size\": [200, 200]}"}}, {"model": "thumbnail.kvstore", "pk": "sorl-thumbnail||image||81b927e12b88053bfc151f4c8b9a35cb", "fields": {"value": "{\"name\": \"images/products/2026/07/mandala1_1_P1AMUaD.jpg\", \"storage\": \"django.core.files.storage.filesystem.FileSystemStorage\", \"size\": [994, 994]}"}}, {"model": "thumbnail.kvstore", "pk": "sorl-thumbnail||image||87e70e944bd278f14fb1d97ed6adb4a2", "fields": {"value": "{\"name\": \"cache/72/c4/72c4bf424dc5845d3e0ff7680733ec9f.jpg\", \"storage\": \"django.core.files.storage.filesystem.FileSystemStorage\", \"size\": [65, 55]}"}}, {"model": "thumbnail.kvstore", "pk": "sorl-thumbnail||image||a2e9ee5e1413cfe5840498d53a68fa0d", "fields": {"value": "{\"name\": \"cache/3c/06/3c06660139d6ad65a6ce2e43ce861201.jpg\", \"storage\": \"django.core.files.storage.filesystem.FileSystemStorage\", \"size\": [400, 400]}"}}, {"model": "thumbnail.kvstore", "pk": "sorl-thumbnail||image||a8d68d7ecde3c6d4d02a53d5633069c2", "fields": {"value": "{\"name\": \"cache/7c/9f/7c9f7b98d18c80ef695baafded0ecb04.jpg\", \"storage\": \"django.core.files.storage.filesystem.FileSystemStorage\", \"size\": [65, 55]}"}}, {"model": "thumbnail.kvstore", "pk": "sorl-thumbnail||image||aeab86601478f837bd963144aefdab8f", "fields": {"value": "{\"name\": \"cache/28/3d/283d78a5b915ee2b861b2763108cd92c.jpg\", \"storage\": \"django.core.files.storage.filesystem.FileSystemStorage\", \"size\": [155, 155]}"}}, {"model": "thumbnail.kvstore", "pk": "sorl-thumbnail||image||b67de3d0dcfd6db56c8e7e865ae7ef32", "fields": {"value": "{\"name\": \"cache/ff/ed/ffed1b7b475f5d76b4f65066a3f75c23.jpg\", \"storage\": \"django.core.files.storage.filesystem.FileSystemStorage\", \"size\": [200, 145]}"}}, {"model": "thumbnail.kvstore", "pk": "sorl-thumbnail||image||b7af48f16dce3a812a4f65dca4011209", "fields": {"value": "{\"name\": \"cache/4c/da/4cda97f95d26ff65ef16fb33d6ce60b6.jpg\", \"storage\": \"django.core.files.storage.filesystem.FileSystemStorage\", \"size\": [100, 100]}"}}, {"model": "thumbnail.kvstore", "pk": "sorl-thumbnail||image||bb07c17d4ed236b16780394117d0ff06", "fields": {"value": "{\"name\": \"cache/9f/62/9f620bc2e560a2c25d1f6a288f102815.jpg\", \"storage\": \"django.core.files.storage.filesystem.FileSystemStorage\", \"size\": [440, 320]}"}}, {"model": "thumbnail.kvstore", "pk": "sorl-thumbnail||image||bfb0e806da82ee0150882ae254571dd7", "fields": {"value": "{\"name\": \"cache/fb/c5/fbc50998bb8e68d9447e47505b644d44.jpg\", \"storage\": \"django.core.files.storage.filesystem.FileSystemStorage\", \"size\": [400, 400]}"}}, {"model": "thumbnail.kvstore", "pk": "sorl-thumbnail||image||bfed2b72d02676e0f3cf9af34d329769", "fields": {"value": "{\"name\": \"cache/c1/21/c121676fd436a805a17fcb284feea633.jpg\", \"storage\": \"django.core.files.storage.filesystem.FileSystemStorage\", \"size\": [70, 70]}"}}, {"model": "thumbnail.kvstore", "pk": "sorl-thumbnail||image||cadd985fb0d4fa861c5fdd3db55516ec", "fields": {"value": "{\"name\": \"images/products/2026/07/mandala1-A1.jpg\", \"storage\": \"django.core.files.storage.filesystem.FileSystemStorage\", \"size\": [1720, 1249]}"}}, {"model": "thumbnail.kvstore", "pk": "sorl-thumbnail||image||d1f6bd2de7137d43c5d4c085aec98824", "fields": {"value": "{\"name\": \"cache/fd/11/fd114a0fbf072ffd1d621a480a6be363.jpg\", \"storage\": \"django.core.files.storage.filesystem.FileSystemStorage\", \"size\": [200, 200]}"}}, {"model": "thumbnail.kvstore", "pk": "sorl-thumbnail||image||efc797a6c51c2bbd2729365d547e26a8", "fields": {"value": "{\"name\": \"cache/18/0b/180b740480998df7920c2a217217d13b.jpg\", \"storage\": \"django.core.files.storage.filesystem.FileSystemStorage\", \"size\": [200, 145]}"}}, {"model": "thumbnail.kvstore", "pk": "sorl-thumbnail||image||fbd2ee1869316ae5db0fb06567151d7f", "fields": {"value": "{\"name\": \"cache/22/f6/22f6b65e238a3cc554391dc13ec613a0.jpg\", \"storage\": \"django.core.files.storage.filesystem.FileSystemStorage\", \"size\": [200, 200]}"}}, {"model": "thumbnail.kvstore", "pk": "sorl-thumbnail||thumbnails||04a671d7622dcb55fa4126dc6b32e6d6", "fields": {"value": "[\"efc797a6c51c2bbd2729365d547e26a8\", \"87e70e944bd278f14fb1d97ed6adb4a2\", \"bb07c17d4ed236b16780394117d0ff06\"]"}}, {"model": "thumbnail.kvstore", "pk": "sorl-thumbnail||thumbnails||0840ce996d7ee11d603540dafb41e9b4", "fields": {"value": "[\"b7af48f16dce3a812a4f65dca4011209\", \"bfb0e806da82ee0150882ae254571dd7\", \"a8d68d7ecde3c6d4d02a53d5633069c2\"]"}}, {"model": "thumbnail.kvstore", "pk": "sorl-thumbnail||thumbnails||455ca9841f2397f66ee99b076233efba", "fields": {"value": "[\"a2e9ee5e1413cfe5840498d53a68fa0d\", \"0930860233386b4046043aef13ea5769\", \"035606f47f8b6638e098419be1a19cf5\", \"1f38dc1adf707041316255c51666bf96\", \"d1f6bd2de7137d43c5d4c085aec98824\", \"34c1b1175a91214a154e45e8863bef8b\"]"}}, {"model": "thumbnail.kvstore", "pk": "sorl-thumbnail||thumbnails||4b1172457225e0951cbb31366a2c0326", "fields": {"value": "[\"7000178cb0152fe69790427df05b378a\", \"fbd2ee1869316ae5db0fb06567151d7f\"]"}}, {"model": "thumbnail.kvstore", "pk": "sorl-thumbnail||thumbnails||81b927e12b88053bfc151f4c8b9a35cb", "fields": {"value": "[\"71aafc94343ffaca276a4444dbe181ce\", \"172f140109ac305dbafbbf90a4b1b170\", \"aeab86601478f837bd963144aefdab8f\", \"bfed2b72d02676e0f3cf9af34d329769\", \"5e045128a60d58e17bded3301ab145d1\", \"4236223066ba57e5e125749ec1e07d4c\"]"}}, {"model": "thumbnail.kvstore", "pk": "sorl-thumbnail||thumbnails||cadd985fb0d4fa861c5fdd3db55516ec", "fields": {"value": "[\"b67de3d0dcfd6db56c8e7e865ae7ef32\"]"}}]